district_type,nbr_floors,units,hospital,bld_age,Elevator,Parking,Security,CCTV,Pool,Sauna,Gym,Garden,Playground,Shop,Restaurant,Wifi,floor*age,Aver_trans,Aver_food,Aver_school,Aver_shop,price_sqm
2,5,834,2.1,28,0,0,0,1,0,0,0,1,0,1,0,0,140,6.1,0.9875,1.42,2.58,10577
2,8,471,1.8,8,1,1,1,1,0,0,1,1,0,1,1,1,64,7.64,0.5325,0.726,0.794,49059
2,16,140,2.3,24,1,1,1,1,0,0,0,0,0,1,0,1,384,3.98,0.465,0.746,0.184,31129
2,8,270,0.68,3,1,1,1,1,1,1,1,0,0,0,0,0,24,6.68,0.4375,0.798,0.4924,87368
2,10,560,0.69,28,1,1,1,1,0,0,0,0,0,1,0,0,280,6.66,0.395,0.83,0.5204,42597
2,11,1553,2,27,1,1,1,1,0,0,0,0,0,1,0,0,297,7.8,0.7875,0.864,0.8208,19071
2,38,592,1.4,9,1,1,1,1,1,1,1,1,0,1,1,1,342,7.48,0.3975,0.62,0.904,63000
2,8,79,1.8,7,1,1,1,1,1,0,1,0,0,0,0,0,56,2.82,1.525,1.92,2.62,54741
2,36,400,0.46,6,1,1,1,1,1,1,1,1,0,0,0,1,216,5.8,0.4575,0.568,1.16,89261
2,9,1748,0.98,22,1,1,1,1,1,0,0,1,1,1,1,0,198,5.8,0.25775,0.8,1.56,24184
2,8,408,1.3,6,1,1,1,1,1,0,1,1,0,0,0,0,48,6.84,0.495,1.3,2.2,53226
2,8,1114,1.1,7,1,1,1,1,1,1,1,1,0,1,0,1,56,2.82,0.003,0.802,0.0136,63793
2,8,486,2,6,1,1,1,1,1,0,1,1,0,0,0,0,48,6.68,0.132,0.75,1.2,60505
2,21,960,0.79,15,1,1,1,1,0,0,0,1,1,1,1,1,315,7.02,0.59,1.42,1.184,38288
2,26,470,1.7,11,1,1,1,1,1,0,1,1,0,0,0,1,286,4.8,0.56,0.882,1.08,93287
2,18,540,1.8,13,1,1,1,1,1,0,1,0,0,0,0,1,234,3.94,0.267,0.342,1.4132,51006
2,9,2812,2.9,16,0,0,0,1,1,0,0,1,0,0,0,0,144,8.82,0.8,1.94,1.86,15217
2,6,360,1.4,12,1,1,1,1,0,0,0,0,0,0,0,0,72,3.02,0.5075,0.928,0.104,45054
2,19,639,2,13,1,1,1,1,1,0,1,1,0,0,0,0,247,5.22,0.1575,0.744,1.66,48666
2,8,69,1,11,1,1,1,1,1,0,1,0,0,0,0,0,88,5.42,0.68,1.184,1.88,47690
2,8,470,1.6,17,1,1,1,1,0,0,1,1,1,0,0,1,136,7.46,0.13475,1.072,0.94,45135
2,7,856,0.042,16,1,1,1,1,0,0,1,1,0,1,1,0,112,4.58,0.1675,0.33,0.3212,36264
2,8,470,2.5,13,1,1,1,1,0,0,1,0,0,1,0,1,104,8.22,0.4575,1.44,1.54,32439
2,8,998,1.7,10,1,1,1,1,1,0,1,1,1,1,1,0,80,3.96,0.2725,0.496,1.56,49367
2,23,827,0.61,11,1,1,1,1,1,1,1,1,1,1,1,0,253,5.36,0.355,0.868,0.594,71077
2,9,225,3.1,13,1,1,1,1,0,0,0,0,0,1,0,0,117,31.8,8.6,7.04,10.64,19754
2,5,712,1.8,4,1,1,1,1,0,0,0,1,0,0,0,0,20,3.94,0.52,0.51,1.96,60435
2,7,112,2.2,27,0,0,0,1,0,0,0,0,0,0,0,0,189,6.28,0.55,1.28,1.54,133511
2,7,700,1.7,25,1,1,1,1,0,0,0,0,0,0,0,0,175,3.74,0.52,0.612,1.84,20827
2,19,1024,1.5,25,1,1,1,1,0,0,1,0,0,1,0,0,475,7.66,0.5255,0.798,1.008,35837
2,8,540,1.6,9,1,1,1,1,1,0,1,1,0,1,1,0,72,3.28,0.1355,0.522,0.044,82588
2,35,924,0.86,7,1,1,1,1,1,0,1,1,0,1,0,1,245,2.534,0.2115,0.974,0.2116,98270
2,8,340,0.96,9,1,1,1,1,1,0,1,1,0,0,0,0,72,5.98,0.3325,0.896,1.7,59193
2,8,370,1,7,1,1,1,1,1,0,1,0,0,0,0,0,56,5.94,0.27275,0.894,1.66,50514
2,7,79,1.2,10,1,1,1,1,1,0,1,0,0,0,0,1,70,7.1,0.5125,1.496,1.52,54948
2,20,867,1.2,5,1,1,1,1,1,1,1,1,0,1,1,1,100,6.78,0.465,1.3,2.18,75363
2,8,540,2.1,16,1,1,1,1,0,0,0,0,0,1,1,0,128,8.04,0.29,0.96,1.5,57692
2,8,900,2,16,1,1,1,1,0,0,0,1,0,1,0,1,128,8.36,2.2,3.56,3.7,19766
2,24,815,2,4,1,1,1,1,1,0,1,1,1,0,0,1,96,11.24,2.6,4.46,18.92,85479
2,8,791,2,9,1,1,1,1,0,0,1,1,1,1,1,0,72,8.92,1.475,2.76,3.66,46242
2,8,286,2,5,1,1,1,1,1,0,1,1,0,1,0,0,40,11.22,2.6,4.42,18.92,54010
2,28,895,2,4,1,1,1,1,1,0,1,1,0,1,1,0,112,9.66,2.275,3.96,4.54,102809
2,6,690.5,2,24,0,1,0,0,0,0,0,0,0,1,1,0,144,7.9,0.635,1.58,2.62,21679
2,8,690.5,0.96,12,1,1,1,1,0,0,0,0,0,0,0,0,96,7.2,0.4705,1.026,2.12,28697
2,8,825,3.9,7,1,1,1,1,1,1,1,1,0,1,0,0,56,6.156,0.149,0.8726,1.098,56606
2,6,382,4.2,28,0,1,0,1,0,0,0,0,0,0,1,1,168,6.42,0.8025,1.54,1.92,23214
2,8,1035,2.9,7,1,1,1,1,0,0,1,1,1,1,0,0,56,6.12,0.1501,0.678,1.382,59327
2,8,1568,3,11,1,1,1,1,0,0,1,1,1,0,0,0,88,6.24,0.3,0.842,1.64,51600
2,14,516,2.9,9,1,1,1,1,1,1,1,0,0,1,0,1,126,3.2,0.23,0.604,0.248,68079
2,14,1271,2.9,10,1,1,1,1,1,1,1,1,1,1,1,0,140,6.18,0.2625,0.738,1.466,56393
2,8,657,1.2,12,1,1,1,1,1,0,1,0,0,0,0,0,96,3.62,0.8,0.98,2.2,26206
2,8,72,0.7,8,1,1,1,1,1,0,1,1,0,1,0,1,64,7.42,0.388,0.95,2.4,46167
2,14,1358,2.3,7,1,1,1,1,1,0,1,1,0,0,0,0,98,2,0.3005,0.484,0.76,50300
2,8,79,1,7,1,1,1,1,0,0,1,0,0,0,0,1,56,6.92,0.513,1.014,2.42,36751
2,8,162,1.6,11,1,1,1,1,1,0,1,0,0,1,1,0,88,6.1,0.44,0.772,1.48,40443
2,15,274,1.5,5,1,1,1,1,1,0,1,1,1,0,0,1,75,5.58,0.26,0.736,1.52,94470
2,8,724,4,8,1,1,1,1,0,0,0,1,1,1,0,1,64,6.76,0.3325,0.9406,1.098,37344
2,8,1168,4.2,5,1,1,1,1,1,0,1,1,0,0,0,0,40,5.86,1.475,2.06,2.32,72527
3,8,406,0.95,5,1,1,1,1,1,0,1,1,0,1,0,0,40,3.36,0.7225,0.41,1.136,71278
3,9,304,1.6,21,1,1,1,1,0,0,0,0,0,0,0,0,189,3.68,0.9475,0.826,1.984,24857
3,9,154,2.2,21,1,1,1,1,0,0,0,0,0,0,0,0,189,2.94,0.2505,0.632,1.56,29818
3,8,182,0.6,10,1,1,1,1,1,0,1,1,0,1,0,1,80,4.38,0.55,0.7122,2,35961
3,36,260,2.2,12,1,1,1,1,1,1,1,0,0,0,1,0,432,1.76,0.1655,0.382,1.28,165714
3,9,312,1.6,15,1,1,1,1,1,0,1,0,0,0,0,0,135,2.34,0.082,0.608,0.003,146228
3,19,497,1.5,14,1,1,1,1,1,0,1,1,0,1,1,0,266,4.12,0.257,1.024,1.1412,73645
3,27,521,1,15,1,1,1,1,1,1,1,1,0,1,0,1,405,3.36,0.325,0.3218,1.45,96132
3,26,565,2.5,4,1,1,1,1,1,1,1,1,1,1,1,1,104,2.12,0.6975,1.32,1.42,92286
3,36,523,2.6,2,1,1,1,1,1,0,1,1,1,1,0,1,72,1.152,0.29,1.016,1.032,89263
1,8,2202,1.2,10,1,1,1,1,1,1,1,1,1,1,1,0,80,6.44,0.885,1.152,2.76,34483
1,5,840,1.8,29,0,1,1,1,0,0,0,0,0,1,0,0,145,7.38,1.5,1.502,2.58,75214
2,14,799,2,10,1,1,1,1,1,0,1,1,1,1,1,0,140,1.1,0.327,1.36,0.45,50880
2,14,799,0.002,10,1,1,1,1,1,0,1,0,1,0,0,0,140,1.366,0.25475,1.506,0.488,55833
2,5,56,0.002,8,1,1,1,1,1,0,1,1,0,0,0,0,40,1.316,0.63325,1.68,0.978,96905
2,20,272,0.34,32,1,1,1,1,1,1,1,0,0,1,1,0,640,4.06,0.21375,1.46,1.388,37930
2,9,336,2,23,1,1,1,1,1,0,1,0,0,0,0,0,207,2.1,1.0375,1.308,2.54,24742
2,30,410,2,16,1,1,1,1,1,1,1,1,1,0,0,0,480,1.58,0.6725,0.966,2.06,38398
2,8,180,2,4,1,1,1,1,1,0,1,1,0,0,0,1,32,1.88,0.8625,1.182,2.28,80619
2,8,77,1.5,6,1,1,1,1,1,0,1,0,0,0,0,0,48,2.64,1.53,1.948,2.54,67916
2,22,234,2,10,1,1,1,1,1,0,1,0,0,0,0,1,220,1.368,0.3625,1.564,0.4848,94498
2,12,1320,0.21,7,1,1,1,1,1,0,1,0,0,0,0,1,84,5.84,0.355,1.72,1.82,36789
2,8,966,0.002,11,1,1,1,1,1,0,1,0,0,1,0,0,88,1.272,0.4075,1.552,0.564,68943
2,23,718,2,26,1,1,1,1,1,1,1,1,1,1,1,1,598,1.68,0.7625,1.08,2.14,33230
2,18,422,0.002,7,1,1,1,1,1,0,1,1,1,1,0,0,126,1.086,0.38075,1.32,0.87,123773
2,21,1172,0.002,9,1,1,1,1,1,0,1,1,0,1,0,0,189,1.208,0.34075,1.46,0.642,118689
2,30,849,0.27,3,1,1,1,1,1,0,1,1,0,0,0,0,90,1.272,0.8725,1.196,2.16,143333
2,25,276,1.2,4,1,1,1,1,1,1,1,1,0,0,0,0,100,2.304,1.4,1.638,2.34,100333
2,6,77,0.94,28,0,1,1,1,1,0,1,1,0,1,0,0,168,2.062,1.2525,1.782,2.7,81272
2,8,700,1,13,1,1,1,1,1,0,1,0,1,0,0,0,104,3.48,0.5475,1.1312,2.02,33042
2,15,1028,1,7,1,1,1,1,1,0,1,1,1,1,1,0,105,3.68,0.4125,1.126,1.834,57548
2,25,620,0.002,8,1,1,1,1,1,0,1,1,1,0,0,0,200,1.23,0.48,1.54,0.632,21230
2,26,588,0.002,5,1,1,1,1,1,0,1,0,1,0,0,1,130,0.952,0.715,1.14,1.22,113636
2,8,336,2,10,1,1,1,1,0,0,1,1,0,1,0,0,80,2.64,0.5225,1.042,21.39,59467
2,8,157,1.5,6,1,1,1,1,1,0,1,1,0,0,0,0,48,2.6,1.4725,1.898,2.52,79875
2,8,1745,0.002,9,1,1,1,1,1,0,1,0,1,1,0,0,72,1.058,0.5075,1.27,1.92,41840
2,18,810,2,9,1,1,1,1,1,0,1,1,0,0,0,0,162,1.76,0.56,1.54,0.764,70249
2,8,149,0.002,10,1,1,1,1,1,1,1,0,0,0,0,0,80,1.342,0.51575,1.44,1.268,80000
2,8,252,1.6,12,1,1,1,1,1,0,1,0,0,0,0,0,96,2,1.05,2.18,2.66,40000
2,8,334,0.67,5,1,1,1,1,1,0,1,0,0,0,0,1,40,1.788,1.19,1.602,2.5,79967
2,39,820,0.002,7,1,1,1,1,1,0,1,1,0,1,0,1,273,1.118,0.4625,1.124,1.7,125714
2,8,60,0.45,5,1,1,1,1,1,0,1,0,0,0,0,0,40,1.5464,1.095,1.38,2.24,82105
2,8,73,1,4,1,1,1,1,1,0,1,1,0,0,0,0,32,2.094,1.3175,1.794,2.66,71637
2,27,269,1.8,4,1,1,1,1,1,1,1,1,0,0,0,0,108,2.02,1.4,1.38,1.66,92190
2,8,124,1.5,5,1,1,1,1,1,0,1,1,0,0,0,1,40,2.58,1.52,1.918,2.52,96754
2,26,732,0.002,4,1,1,1,1,1,0,1,1,0,0,0,0,104,1.152,0.4975,1.188,1.176,134077
2,7,79,1,6,1,1,1,1,1,1,1,0,0,0,0,1,42,3,0.7625,0.8962,21.64,326922
2,8,168,1,3,1,1,1,1,1,0,1,1,0,0,0,0,24,2.108,1.3,1.542,2.48,80258
2,8,754,0.6,23,1,1,1,1,1,0,0,0,0,1,1,0,184,6.1,0.265,0.714,2.72,195123
2,33,106,1.1,26,1,1,1,1,1,1,1,1,1,0,0,0,858,5.3,0.495,0.466,1.86,91955
2,9,338,2.4,23,1,1,1,1,0,0,0,0,0,1,0,0,207,5.04,0.5925,0.726,1.68,32554
2,28,2018,0.45,9,1,1,1,1,1,0,1,1,1,1,0,1,252,6.22,0.345,0.568,2.61,45000
2,20,199,1.6,9,1,1,1,1,1,1,1,1,1,1,1,1,180,5.48,0.23825,1.144,0.926,110390
2,30,2707,1,8,1,1,1,1,1,1,1,1,1,1,1,1,240,7.22,0.385,0.802,0.648,75328
2,22,580,2,13,1,1,1,1,1,0,1,1,1,0,0,0,286,5.82,0.160125,0.704,0.662,71259
2,26,651,1.9,12,1,1,1,1,1,1,1,0,0,0,0,0,312,6.12,0.15515,0.99,0.676,74996
2,13,1121,2.3,10,1,1,1,1,1,0,1,1,0,0,1,1,130,5,0.46,0.894,1.554,79143
2,12,182,2.2,10,1,1,1,1,1,0,1,1,0,0,0,0,120,5.04,0.45,0.9,1.504,78571
2,8,420,2.3,10,1,1,1,1,0,0,1,0,0,0,0,0,80,6.28,0.422,0.902,0.898,87512
2,8,234,1.2,11,0,1,1,1,0,0,1,0,0,0,0,1,88,7.76,0.7625,1.652,1.262,45519
2,34,121,1.2,27,1,1,1,1,1,0,1,1,1,0,0,1,918,4.82,0.3725,0.638,1.4,73836
2,23,244,2.3,6,1,1,1,1,1,1,1,1,0,1,0,0,138,6.26,0.4475,0.948,0.992,95280
2,8,76,2.4,11,1,1,1,1,1,1,1,1,0,0,0,1,88,6.3,0.465,1.006,1.078,79240
2,30,200,2.3,10,1,1,1,1,1,0,1,1,0,0,1,1,300,4.9,1.0475,0.408,2.28,74967
3,25,137,0.55,13,1,1,1,1,1,1,1,1,1,0,0,0,325,0.616,0.49,0.486,1.6,125000
3,8,95,0.64,8,1,1,1,1,1,1,1,1,0,0,0,0,64,1.37,0.4725,0.834,1.798,146341
3,8,111,0.96,6,1,1,1,1,1,0,1,1,0,0,0,0,48,1.342,0.535,0.928,1.76,154695
3,23,100,0.79,34,1,1,1,1,1,1,1,1,0,1,0,1,782,1.302,0.6375,0.994,1.808,79710
3,8,62,0.74,8,1,1,1,1,1,0,1,0,0,0,0,0,64,1.274,0.585,0.808,1.7,160443
3,29,300,0.35,10,1,1,1,1,1,1,1,0,0,1,0,1,290,1.246,0.645,0.71,1.86,130667
3,8,176,0.96,5,1,1,1,1,1,1,1,1,0,0,0,0,40,1.286,0.7425,1.044,1.76,201111
3,27,286,0.21,9,1,1,1,1,1,1,1,1,1,0,0,0,243,1.208,0.5325,0.622,1.874,138140
3,32,319,0.7,3,1,1,1,1,1,1,1,1,0,0,0,0,96,0.78,0.3725,0.662,1.6,161882
3,8,69,0.36,12,1,1,1,1,1,1,1,0,0,0,0,0,96,1.186,0.6725,0.646,1.9,152209
3,8,72,0.61,9,1,1,1,1,1,0,1,1,0,0,0,0,72,1.282,0.45,0.87,1.83,161723
3,7,81,0.7,21,1,1,1,1,1,1,1,0,0,0,1,1,147,1.316,0.5425,0.784,1.68,229055
3,25,132,0.97,8,1,1,1,1,1,1,1,1,0,0,0,1,200,1.282,0.4675,0.858,1.88,247191
3,20,206,1.3,4,1,1,1,1,1,0,1,1,0,0,0,0,80,1.052,0.6675,1.114,1.354,155272
3,21,226,0.53,14,1,1,1,1,1,0,1,1,1,1,0,0,294,1.272,0.62,0.812,1.54,184480
3,37,281,0.061,22,1,1,1,1,1,0,1,0,0,0,0,0,814,1.19,0.385,0.472,1.764,120137
3,8,155,0.73,17,1,1,1,1,1,1,1,0,0,0,0,0,136,1.346,0.6075,0.938,1.66,161765
3,8,116,1.2,8,1,1,1,1,0,0,1,1,0,0,0,0,64,1.136,1,1.28,1.3,97020
3,40,562,0.46,7,1,1,1,1,1,1,1,1,0,0,0,0,280,1.2,0.565,0.668,1.9,200621
3,8,155,1.5,14,1,1,1,1,1,0,1,0,0,0,0,0,112,1.084,0.57,1.138,6.796,132626
3,40,108,0.47,11,1,1,1,1,1,1,1,1,1,1,1,1,440,1.266,0.3475,0.754,1.746,232741
3,14,75,0.85,14,1,1,1,1,1,0,0,1,0,0,0,0,196,1.268,0.4,0.756,1.78,226675
3,23,211,1,2,1,1,1,1,1,1,1,1,0,0,0,1,46,0.816,0.48,0.736,0.41,189035
3,29,71,0.84,13,1,1,1,1,1,1,1,1,1,0,0,1,377,0.856,0.5,0.638,1.58,180766
3,8,52,1.6,9,1,1,1,1,1,0,1,1,0,0,0,1,72,1.26,3.2325,1.4,1.24,124894
3,8,71,0.47,10,1,1,1,1,1,1,1,1,0,0,0,0,80,1.168,0.7825,0.756,1.78,114000
3,23,196,1.6,6,1,1,1,1,1,0,1,1,0,0,0,0,138,1.04,0.5475,1.088,1.148,150112
3,24,465,1.4,8,1,1,1,1,1,1,1,1,1,1,1,1,192,1.014,0.42,1.002,6.716,141824
2,42,950,0.57,5,1,1,1,1,1,0,1,0,0,0,0,0,210,2.74,0.3675,0.278,0.896,153285
2,27,1232,2,3,1,1,1,1,0,1,1,0,1,1,0,1,81,2.6,0.4525,0.66,1.002,97837
2,21,714,1,9,1,1,1,1,1,1,1,1,0,0,0,0,189,3.22,0.64,1.38,1.654,84390
2,26,279,0.94,4,1,1,1,1,1,0,1,1,0,0,0,0,104,1.88,0.26,0.648,0.1792,139505
2,24,172,0.25,2,1,1,1,1,1,1,1,1,0,0,0,0,48,2.38,0.17,0.25,0.502,136235
2,30,559,2.1,3,1,1,1,1,1,0,1,1,0,0,0,0,90,3.64,0.825,0.734,2.08,135668
2,32,1395,1.4,6,1,1,1,1,1,0,1,1,1,1,0,0,192,3.3,0.285,0.93,1.36,77481
2,9,738.5,0.97,12,1,1,1,1,0,0,0,0,0,1,0,0,108,1.28,0.71,0.506,0.652,25443
2,8,672,2,6,1,1,1,1,1,0,1,0,0,0,0,0,48,3.62,0.8525,0.6044,2.44,48515
2,26,734,0.69,5,1,1,1,1,1,0,1,0,1,1,1,1,130,2.98,0.3775,0.792,1.516,100000
2,27,820,1.8,5,1,1,1,1,1,0,1,1,0,1,0,0,135,3.38,0.78,0.886,2.04,84385
2,29,1705,1.7,2,1,1,1,1,1,0,1,1,1,0,0,1,58,3.56,0.97,0.6764,2.48,79714
2,15,1600,1.9,27,1,1,1,1,1,0,1,0,0,1,0,0,405,1.9,0.35725,0.638,1.736,33368
2,33,743,1.7,4,1,1,1,1,1,1,1,1,0,0,0,0,132,3.38,0.34,1.094,2.26,83333
2,40,1123,0.28,5,1,1,1,1,1,0,1,1,0,0,0,1,200,3.4,0.1225,0.806,1.46,94227
2,5,392,0.88,4,1,1,1,1,1,0,1,0,0,0,0,1,20,3.22,0.395,0.6,1.716,96861
2,30,645,1.6,7,1,1,1,1,1,1,1,1,0,0,0,0,210,1.94,0.5425,0.646,1.6,75238
2,23,745,0.93,6,1,1,1,1,1,1,1,1,0,0,0,0,138,2.46,0.9275,0.854,1.966,77049
2,25,622,1.8,9,1,1,1,1,1,1,1,1,1,1,0,0,225,1.8,0.55,0.636,0.738,79442
3,9,402,3.7,23,1,1,1,1,1,0,0,0,0,1,0,0,207,9.3,1.575,2.8,4.72,16034
3,8,319,2.4,15,1,1,1,1,1,0,0,0,0,0,0,0,120,8.18,0.6325,1.434,3.14,33422
3,8,445,2,7,1,1,1,1,1,0,1,1,0,0,0,1,56,7.78,0.38,0.736,2.76,84000
3,13,90,0.36,35,1,1,1,1,1,0,1,0,0,0,0,0,455,8.58,0.9,1.362,1.84,57122
3,8,309,1.7,22,0,1,0,1,1,0,1,0,0,1,0,0,176,6.84,1.4,2.16,1.86,109512
3,30,1399,0.5,7,1,1,1,1,1,0,1,1,0,1,0,1,210,7.36,0.2175,0.608,1.08,72659
3,13,416,0.6,5,1,1,1,1,1,0,1,1,1,0,0,0,65,6.02,0.236,0.578,0.922,101325
3,23,610,1.4,9,1,1,1,1,1,0,1,1,0,1,0,0,207,4.4,3.3035,0.434,1.76,62500
2,5,788,1.4,9,0,1,1,1,0,0,0,0,0,1,0,0,45,5.4,0.19625,1.168,1.298,16124
2,8,1019,3.9,9,1,1,1,1,1,1,1,0,0,1,1,0,72,4.86,0.6675,1.94,1.378,69697
2,8,867,3,6,1,1,1,1,1,0,1,1,0,0,0,1,48,9.32,0.73,0.98,1.6,55484
2,8,238,3,5,1,1,1,1,1,0,1,0,0,1,0,0,40,8.68,2.025,0.728,2.22,54171
2,8,593,3,7,1,1,1,1,0,0,1,0,1,1,0,1,56,8.58,1.3,0.708,1.86,57242
2,15,1831,0.53,3,1,1,1,1,1,0,1,1,0,1,0,0,45,1.56,0.5925,1.38,2.28,79491
2,8,711,0.52,6,1,1,1,1,0,0,1,1,0,1,0,0,48,7.66,0.28525,1.96,2.24,48333
2,5,63,3.3,13,1,1,1,1,1,0,1,0,0,1,0,0,65,7.48,0.765,0.966,2.364,20295
3,8,486,2.3,6,1,1,1,1,0,0,1,1,0,0,0,0,48,2.76,0.78,1.024,1.76,64649
3,8,154,2.5,8,1,1,1,1,1,0,1,0,1,0,0,1,64,1.072,0.465,1,2.352,78559
3,34,3036,2.7,7,1,1,1,1,1,1,1,1,1,0,0,1,238,1.7,1.0275,1.46,1.166,106897
3,8,56,3,8,0,0,0,1,0,0,1,0,0,1,0,1,64,2.82,0.4425,0.67,1.84,63958
3,25,302,1.3,6,1,1,1,1,1,1,1,0,0,0,0,0,150,1.722,0.6225,1.548,1.388,70695
3,8,1087,4,22,1,1,1,1,0,0,0,0,0,1,0,1,176,3.72,0.43,1.286,1.8,16315
3,10,223,2.3,25,1,1,1,1,1,0,1,0,0,1,0,1,250,3.38,0.535,1.34,2.12,27779
3,7,98,2.9,25,1,1,1,1,1,0,0,0,0,1,0,1,175,3.12,0.26,0.894,1.88,42870
3,8,140,1.5,20,1,1,1,1,1,0,1,0,1,1,1,1,160,1.86,0.3125,1.36,1.48,36295
3,8,79,0.92,10,1,1,1,1,1,0,1,1,0,0,0,1,80,2.32,0.15025,0.516,0.524,90412
3,8,154,3.3,6,1,1,1,1,1,0,0,1,0,0,0,0,48,1.92,0.5175,0.6126,1.78,105329
3,20,273,1.8,26,1,1,1,1,0,0,0,0,0,0,0,0,520,2.964,1.33,1.392,2.84,42768
3,8,308,0.62,11,1,1,1,1,1,0,1,0,1,1,0,1,88,2.9,0.13975,0.41,0.432,95144
3,8,54,2.3,13,1,1,1,1,1,0,1,1,0,0,0,1,104,1.408,0.6045,0.818,1.38,69000
3,8,223.5,2.9,24,1,1,1,1,1,0,0,0,0,1,0,1,192,1.92,0.7825,1.3,1.292,40843
3,8,678,2,4,1,1,1,1,1,0,1,1,0,0,0,0,32,2.64,0.73,1.34,1.5,119090
3,8,79,0.92,7,1,1,1,1,1,0,1,1,0,1,0,0,56,3.02,0.6925,0.688,1.014,86595
3,8,207,0.81,6,1,1,1,1,1,0,1,0,1,0,0,1,48,3.22,0.22,0.42,0.66,84054
3,7,79,4,12,1,1,1,1,0,0,0,0,0,1,0,0,84,3.82,0.575,1.5,1.94,36667
3,8,79,2.2,7,1,1,1,1,1,0,1,1,0,0,0,0,56,1.78,0.4475,0.6666,1.2,87167
3,5,68,1.8,26,1,1,1,1,1,0,0,0,0,0,0,0,130,1.626,0.455,1.106,0.824,44660
3,8,76,2.8,10,1,1,1,1,1,0,1,0,1,1,0,1,80,1.606,0.395,1.21,1.346,85894
3,9,142,2.5,10,1,1,1,1,1,0,1,0,0,1,0,1,90,0.98,0.324,0.588,1.32,65022
3,8,123,2.7,10,1,1,1,1,0,0,1,1,0,0,0,0,80,1.454,0.2595,1.018,1.294,72754
3,8,394,1,5,1,1,1,1,1,0,1,1,0,1,0,0,40,3.88,0.795,0.818,1.044,76898
3,7,108,3.1,10,1,1,1,1,0,0,0,0,0,0,0,0,70,2.92,0.325,0.672,1.82,65957
3,32,362,1.3,22,1,1,1,1,1,1,1,1,1,0,0,0,704,1.94,0.36,0.848,0.75,67585
3,50,490,2.3,5,1,1,1,1,1,0,1,1,1,1,1,1,250,0.878,0.5625,1.052,0.858,137500
3,8,98,2.2,11,1,1,1,1,1,1,1,0,0,0,0,1,88,2.04,0.6075,1.342,1.38,60217
3,27,236,2.2,6,1,1,1,1,1,1,1,1,0,0,0,1,162,1.492,0.2015,1.006,1.716,102727
3,7,60,3.2,12,1,1,1,1,0,0,0,0,0,1,0,0,84,1.458,0.61,1.32,0.844,59358
3,8,339,2.4,10,1,1,1,1,1,0,1,1,0,0,0,0,80,0.326,0.036,0.716,0.704,100000
3,24,418,3.1,9,1,1,1,1,1,0,1,1,1,1,0,1,216,1.392,0.305,0.984,0.812,103627
3,8,154,4,10,1,1,1,1,0,0,1,0,0,0,0,1,80,2.86,0.205,0.812,0.908,51982
3,8,175,2.5,6,1,1,1,1,1,0,1,1,0,0,0,1,48,1.496,0.4545,0.994,1.42,80749
3,21,366,2.3,23,1,1,1,1,1,0,1,0,1,0,0,0,483,2.1,0.7275,1.446,1.44,41935
3,8,129,2.5,5,1,1,1,1,1,0,1,1,0,0,0,0,40,1.494,0.4795,0.978,1.36,82834
3,32,456,2.7,8,1,1,1,1,1,1,1,1,1,1,0,1,256,0.604,0.28,0.828,0.876,132500
3,12,474,2.3,9,1,1,1,1,1,1,1,1,1,1,1,1,108,1.766,0.51,1.138,2.316,83892
3,8,125,2.3,6,1,1,1,1,1,0,1,1,0,0,0,1,48,1.396,0.6145,0.788,1.32,76316
3,28,1827,0.7,8,1,1,1,1,1,1,1,1,1,1,1,1,224,2.38,0.1725,0.432,0.412,99524
3,34,864,0.77,1,1,1,1,1,1,1,1,1,1,1,0,1,34,0.978,0.5575,1.184,0.936,161563
3,44,313,2.5,5,1,1,1,1,1,0,1,1,0,0,0,1,220,1.168,0.41,0.782,0.408,166564
3,8,66,2.7,9,1,1,1,1,1,1,1,1,0,1,1,1,72,1.922,0.7325,1.208,2.134,70000
3,8,79,2.5,10,1,1,1,1,1,0,1,1,0,0,0,0,80,1.84,0.4825,1.176,2.37,59843
3,8,378,2.6,10,1,1,1,1,0,0,1,1,0,1,0,0,80,2.028,0.62,1.272,2.566,65286
3,8,136,1.3,21,1,1,1,1,0,0,0,0,0,0,0,1,168,1.652,0.58,1.5,1.38,33032
3,11,167,4,25,1,1,1,1,1,0,1,0,0,1,1,1,275,3.62,0.65,1.276,1.86,24429
3,8,303,1.4,22,1,1,1,1,1,0,1,0,0,0,0,1,176,1.752,0.205,1.26,1.38,47581
3,9,834,1.5,11,1,1,1,1,1,0,1,1,0,1,1,1,99,4.4,0.9825,1.54,1.484,60032
3,28,195,3.1,25,1,1,1,1,1,0,1,0,0,0,0,1,700,2.48,0.95,1.226,2.22,39134
3,9,210,4,23,1,1,1,1,0,0,0,0,0,1,0,0,207,3.78,0.3925,1.12,1.268,16744
3,8,1031,1.5,10,1,1,1,1,1,0,1,1,0,0,0,0,80,3.02,26.325,1.27,2.68,31452
3,29,728,2,9,1,1,1,1,1,1,1,1,1,0,0,0,261,1.066,0.352,1.028,0.8,96875
3,28,224,1,19,1,1,1,1,1,1,1,0,0,0,0,1,532,3.64,0.7925,0.904,1.128,49242
3,30,285,1.5,23,1,1,1,1,1,1,1,1,1,1,1,0,690,2.2,0.4,1.06,0.96,69338
3,8,79,1.4,8,1,1,1,1,1,0,1,1,0,0,0,0,64,1.768,0.2125,1.24,1.32,102247
3,8,322,0.78,4,1,1,1,1,1,0,1,1,0,0,0,0,32,3.72,0.555,0.828,0.894,77727
3,26,1456,1.6,9,1,1,1,1,1,0,1,1,0,1,1,1,234,4.56,1.1375,1.84,1.618,68182
3,33,828,3.5,7,1,1,1,1,1,1,1,1,1,1,1,1,231,2.14,0.705,0.8006,2.04,68252
3,4,194,4,26,1,1,1,1,0,0,0,0,0,0,0,0,104,2.46,0.625,1.228,2.76,56234
3,43,841,1.9,1,1,1,1,1,1,0,1,1,1,0,0,0,43,0.912,0.4475,1.194,1.152,201811
3,9,248,2.5,22,1,1,1,1,0,0,0,0,0,1,0,1,198,1.7,0.44725,0.6226,1.54,35832
3,8,49,2,8,1,1,1,1,0,0,1,0,0,0,0,0,64,0.668,0.379,0.436,1.5,62531
3,47,561,2.9,9,1,1,1,1,1,1,1,1,0,1,1,0,423,1.394,0.04875,0.972,1.04,120962
3,8,505,0.69,8,1,1,1,1,1,0,1,1,0,0,0,1,64,3.7,0.66,1.088,0.848,79862
3,8,77,1.3,7,1,1,1,1,1,0,1,0,0,0,0,1,56,3.082,1.3075,0.984,1.92,64861
3,7,27,3.2,8,1,1,1,1,1,0,1,0,1,0,0,1,56,2.02,1.15,1.236,1.8,67561
3,19,801,2.2,10,1,1,1,1,1,1,1,1,1,1,1,1,190,1.6,0.3625,1.026,2.128,98780
3,8,236,0.75,9,1,1,1,1,1,0,1,1,0,0,0,0,72,2.48,0.26,0.512,0.494,108462
3,8,127,2.9,5,1,1,1,1,1,0,1,1,0,0,0,1,40,1.478,0.079,1.002,1.028,108889
3,8,62,2.5,6,1,1,1,1,1,0,0,1,0,0,0,0,48,1.484,0.3115,1.156,1.582,100000
3,25,153,3.1,11,1,1,1,1,1,0,1,0,0,0,0,0,275,1.454,0.049,1.048,1.056,103611
3,8,79,2.5,11,1,1,1,1,1,0,1,0,1,0,0,0,88,1.866,0.5125,1.188,2.376,65927
3,26,900,1.5,8,1,1,1,1,1,1,1,1,0,0,0,0,208,1.378,0.805,1.382,1.1834,84036
3,8,389,1.9,5,1,1,1,1,1,1,1,1,0,1,1,0,40,2.08,0.5725,1.45,1.272,82813
3,8,223.5,2.7,13,1,1,1,1,0,0,0,0,0,1,0,0,104,1.29,0.2095,0.844,0.74,30022
3,32,322,1.9,7,1,1,1,1,1,0,1,0,1,0,0,1,224,1.91,0.79,1.464,1.34,91489
3,20,150,2.8,27,1,1,1,1,1,0,0,0,0,0,0,0,540,1.364,0.15625,0.904,0.788,60000
3,7,55,2.3,23,1,1,1,1,1,0,1,0,0,0,0,0,161,1.64,0.3545,0.944,1.136,47368
3,27,497,2.3,2,1,1,1,1,1,0,1,1,0,0,0,0,54,1.2998,0.185,1.01,1.5,154815
3,8,69,0.46,11,1,1,1,1,0,0,0,0,0,1,0,1,88,3.24,0.3,0.682,0.608,61275
3,37,390,1.4,10,1,1,1,1,1,0,0,1,0,0,0,1,370,2.02,0.1675,0.986,0.722,114025
3,8,451,1.1,4,1,1,1,1,1,0,1,1,0,1,0,1,32,4,0.7475,1.086,1.0646,405025
2,26,546,2,4,1,1,1,1,1,1,1,1,0,1,1,0,104,5.258,3.2,1.368,3.3,90000
2,8,768,1.9,24,1,1,1,1,0,0,0,0,1,1,1,0,192,7.24,1.3875,1.034,1.78,13109
2,7,568,0.99,24,1,1,1,1,1,0,0,0,0,1,0,1,168,6.7,0.533,0.912,1.796,21094
2,32,747,9,4,1,1,1,1,1,0,0,0,0,0,0,0,128,4.26,0.5775,0.846,4.78,74321
2,8,471,0.46,7,1,1,1,1,1,0,1,1,1,1,0,1,56,6.28,0.703,1.086,1.784,56786
2,23,834,1.8,5,1,1,1,1,1,0,1,1,0,1,0,0,115,5.108,3.05,1.212,3.18,90693
2,21,441,1.4,4,1,1,1,1,1,0,1,1,0,0,0,0,84,4.468,2.9475,0.774,2.4,98792
2,32,1004,1.5,3,1,1,1,1,1,0,1,1,0,0,0,0,96,4.816,0.61225,1.006,2.96,96848
3,14,2177,1.2,9,1,1,1,1,1,0,1,1,1,0,0,0,126,0.98,0.6125,0.916,1.8178,74752
3,14,439,1.1,9,1,1,1,1,1,0,1,1,1,0,0,0,126,0.898,0.5575,1.03,1.3238,88515
3,7,290,2,13,1,1,1,1,1,1,1,1,0,0,0,1,91,1.5,0.61,0.882,2.98,103571
3,8,70,1.5,11,1,1,1,1,1,0,1,1,0,1,1,1,88,1.976,0.485,0.84,1.226,48077
3,26,920,1.9,6,1,1,1,1,1,1,1,1,1,1,0,1,156,1.42,0.42,0.656,3.06,93594
3,26,270,0.44,7,1,1,1,1,1,1,1,0,0,0,0,1,182,1.588,0.1525,1.042,1.96,118713
3,8,292,1.5,12,1,1,1,1,1,0,1,0,0,0,0,0,96,1.904,0.445,0.772,1.17,59833
3,8,150,1.2,11,1,1,1,1,1,1,1,1,0,0,0,1,88,1.946,0.6025,1.146,1.48,81719
3,5,158,1.4,22,0,1,1,1,0,0,0,0,0,0,0,0,110,1.732,0.1945,0.74,1.018,52032
3,8,290,0.51,6,1,1,1,1,1,0,1,1,0,0,0,1,48,1.622,0.1855,1.074,2.02,90606
3,8,90,1.6,10,1,1,1,1,0,0,1,1,0,1,0,0,80,1.304,0.5595,0.624,1.78,80135
3,12,290,2.1,25,1,1,1,1,1,0,0,0,0,1,1,0,300,1.66,0.2795,0.592,0.784,40599
3,8,635,2.5,7,1,1,1,1,1,0,1,1,0,0,0,0,56,1.812,0.3585,0.532,0.692,86667
3,8,443,2.4,13,1,1,1,1,1,0,1,1,0,0,0,0,104,1.706,0.326,0.418,0.666,62488
3,8,77,0.63,8,1,1,1,1,1,0,1,1,0,0,0,0,64,1.666,0.2885,1.102,2.16,82667
3,8,386,1,7,1,1,1,1,1,0,1,1,0,0,0,0,56,1.858,0.4525,1.068,1.356,94333
3,8,124,1.6,8,1,1,1,1,1,0,1,0,0,0,0,0,64,1.334,0.6095,0.672,1.856,86154
3,9,104,2.5,21,1,1,1,1,0,0,0,0,0,0,0,1,189,1.842,0.425,0.796,0.744,26865
3,29,500,1,7,1,1,1,1,1,0,1,1,0,1,1,1,203,0.808,0.485,1.044,1.4498,84848
3,22,335,2,26,1,1,1,1,1,0,0,0,1,1,1,0,572,1.68,0.38425,0.66,0.806,38158
3,8,193,0.98,5,1,1,1,1,1,1,1,0,1,1,1,1,40,1.848,0.6975,1.218,1.68,86864
3,8,327,1.1,6,1,1,1,1,1,1,1,0,0,0,0,1,48,1.2,0.7,0.996,1.46,89479
3,16,203,1.9,9,1,1,1,1,1,1,1,1,0,0,0,0,144,1.634,0.276,0.4464,0.71,76289
1,5,90,5.3,15,1,1,1,1,0,0,0,0,0,0,0,0,75,7.56,0.7575,1.38,2.8,24681
1,9,257,2.7,17,1,1,1,1,0,0,0,0,0,1,0,0,153,8.22,1.385,1.152,3.1,11129
1,8,706,1.5,7,1,1,1,1,0,0,0,1,0,0,0,0,56,4.534,0.7675,1.46,0.886,56459
1,5,180,4.4,12,1,1,1,1,0,0,1,1,0,0,0,0,60,6.64,0.4075,1.536,2.7,42857
1,8,240,5.3,22,0,1,0,1,0,0,0,0,0,0,0,0,176,7.76,0.8025,1.94,2.94,29427
1,5,1000,1.3,11,1,1,1,1,1,1,1,1,1,1,1,0,55,0.74,0.59,0.692,0.58,52941
3,7,200,0.46,21,1,1,1,1,1,0,1,1,1,1,1,1,147,3.78,0.3375,0.566,1.172,99825
3,6,198,0.48,22,1,1,1,1,1,0,1,0,1,0,0,1,132,4.08,0.2325,0.424,1.282,92266
3,8,485,1.4,10,1,1,1,1,1,0,1,1,1,0,0,1,80,3.24,0.9675,1.406,3.68,58654
3,23,663,0.66,5,1,1,1,1,1,1,1,1,0,1,0,1,115,0.68,0.415,1.24,1.1458,124031
3,43,2024,0.91,4,1,1,1,1,1,0,1,1,1,0,0,0,172,1.102,0.273,1.54,1.0058,134375
3,8,188,1.2,5,1,1,1,1,1,0,1,1,0,0,0,0,40,2.76,0.281,1.03,2.24,78615
3,31,674,1.4,4,1,1,1,1,1,0,1,1,0,0,0,0,124,1.686,0.07675,0.812,0.934,146563
3,8,79,2.4,5,1,1,1,1,1,0,1,0,0,0,0,0,40,1.932,0.23925,1.082,0.72,108613
3,8,79,0.6,8,1,1,1,1,1,0,1,1,0,0,0,0,64,1.734,0.415,1.162,2.48,111111
3,8,73,0.59,6,1,1,1,1,1,0,1,0,0,0,0,0,48,1.73,0.405,1.16,2.48,94389
3,8,1414,2.5,12,1,1,1,1,1,0,1,1,1,1,0,1,96,1.988,0.3775,1.136,0.79,57895
3,17,176,2.9,14,1,1,1,1,1,0,1,0,0,0,0,0,238,3.46,1.85,1.68,2.28,50616
3,8,875,2.9,6,1,1,1,1,1,0,1,1,0,0,0,1,48,3.22,0.8275,1.424,1.86,57990
3,8,1304,1.1,11,1,1,1,1,1,0,1,0,0,1,0,1,88,2,0.70975,2.06,3.72,54924
3,31,436,2,9,1,1,1,1,1,0,1,1,0,1,0,0,279,1.756,0.28,0.838,0.692,100292
3,8,136,2.1,10,1,1,1,1,1,0,1,1,0,0,0,0,80,0.94,0.365,0.876,0.784,80000
3,8,79,0.82,10,1,1,1,1,1,1,1,1,1,0,0,1,80,1.84,0.425,0.494,2.92,74979
3,8,236,1.7,22,1,1,1,1,1,1,1,0,0,0,0,0,176,2.36,1.01,2.87,2.52,35000
3,8,725,4,13,1,1,1,1,1,0,1,0,0,1,1,1,104,3.08,0.625,1.178,1.9408,37990
3,7,236,2.2,23,1,1,1,1,0,0,0,0,0,1,0,0,161,1.754,0.2475,0.868,0.598,50733
3,8,630,0.88,9,1,1,1,1,1,0,1,0,0,0,0,0,72,1.9,0.58725,1.872,3.58,91212
3,8,128,0.85,8,1,1,1,1,1,1,1,0,1,1,0,1,64,2.72,0.5575,0.88,3.24,60876
3,8,500,1.5,10,1,1,1,1,1,1,1,1,0,0,0,0,80,3.02,0.21925,1.148,2.58,57835
3,8,134,0.46,8,1,1,1,1,1,0,1,1,0,0,0,0,64,2.44,0.515,0.98,3.04,71163
3,13,897,0.47,7,1,1,1,1,1,0,1,1,0,0,0,0,91,2.14,0.1855,2.064,4.06,97810
3,8,900,0.49,13,1,1,1,1,0,1,1,0,0,0,0,0,104,2.32,0.538,2.18,4.26,47596
3,8,474,1.4,14,1,1,1,1,0,0,0,0,0,1,0,0,112,1.758,0.595,1.314,1.74,61111
3,28,705,0.65,5,1,1,1,1,1,0,1,1,0,1,0,0,140,0.468,0.2475,1.152,0.9978,167391
3,19,398,1.7,9,1,1,1,1,1,0,1,1,1,1,0,1,171,1.6138,0.110025,0.72,0.806,111558
3,29,289,1.5,5,1,1,1,1,1,0,0,1,0,0,0,0,145,1.022,0.28,1.398,0.4778,175000
3,8,456,0.4,11,1,1,1,1,1,0,1,1,0,0,0,1,88,0.884,0.21,1.08,1.66,88571
3,16,160,4,26,1,1,1,1,0,0,0,0,0,0,0,0,416,2.82,0.6,0.982,0.9596,23585
3,13,216,2.6,11,1,1,1,1,1,0,1,0,0,0,1,0,143,2.56,0.4,1.122,1.66,53333
3,7,129,2.4,6,1,1,1,1,1,0,1,1,0,0,1,0,42,2.7,0.81,1.122,2.22,117880
3,22,483,1.6,10,1,1,1,1,1,1,1,1,1,1,1,1,220,1.5852,0.119275,0.694,0.782,113902
3,23,486,0.4,10,1,1,1,1,1,0,1,1,0,0,0,0,230,0.884,0.21,1.08,1.66,111080
3,34,1642,0.23,1,1,1,1,1,1,0,1,0,0,0,0,0,34,0.2926,0.10025,0.642,755.566,147766
3,24,1540,0.47,4,1,1,1,1,1,1,1,1,1,1,0,0,96,1.222,0.315,0.922,4.62,96667
3,8,1324,3.2,13,1,1,1,1,1,1,1,1,1,1,1,1,104,2.22,0.285,0.728,1.028,56667
3,8,75,2.4,12,1,1,1,1,1,0,0,0,0,0,0,0,96,1.86,0.029,0.652,1.4,60283
3,8,79,0.79,9,1,1,1,1,1,0,1,0,1,1,1,1,72,1.21,0.3605,1.604,1.0898,64286
3,35,335,0.65,25,1,1,1,1,1,0,1,1,0,1,1,1,875,1.7,0.3,1.24,1.62,87884
3,28,384,0.54,9,1,1,1,1,1,1,1,1,0,1,0,1,252,0.962,0.4275,0.806,2.74,106500
3,38,802,1.7,3,1,1,1,1,1,0,1,1,0,1,1,0,114,1.17,0.3375,1.524,0.5018,171271
3,42,755,1.7,3,1,1,1,1,1,0,1,1,0,1,0,0,126,1.15,0.3075,1.456,0.4738,165026
3,15,400,0.51,11,1,1,1,1,1,0,1,1,0,0,0,0,165,0.86,0.25775,1.4,1.2038,81181
3,8,75,1.6,10,1,1,1,1,0,0,1,0,0,0,0,0,80,2.7,0.4175,1.072,1.94,62822
3,25,729,0.72,6,1,1,1,1,1,0,1,1,0,0,0,1,150,1.74,0.295,1.236,1.58,134423
3,8,664,1.5,10,1,1,1,1,1,0,0,0,0,1,0,1,80,3.04,0.213,1.144,2.58,54401
3,8,412,0.78,21,1,1,1,1,1,0,1,0,0,0,0,0,168,1.74,0.4425,1.186,2.24,54663
3,8,583,4,22,1,1,1,1,1,0,0,0,1,1,0,0,176,3.12,0.6755,1.258,2.0408,31800
3,8,430,4,8,1,1,1,1,1,0,1,1,0,0,0,1,64,2.78,0.665,0.708,2.56,50000
3,37,881,1.3,8,1,1,1,1,1,1,1,1,1,1,0,0,296,1.518,0.6575,0.9218,2.14,127473
3,30,346,0.41,2,1,1,1,1,1,1,1,1,0,0,0,0,60,0.42,0.4,1.044,0.4956,167398
3,34,539,1.6,9,1,1,1,1,1,1,1,1,0,1,0,0,306,1.56,0.15775,0.692,0.688,132090
3,9,64,0.92,26,1,1,1,1,1,0,1,0,0,1,0,1,234,3.2,0.925,2.2,1.7,39409
3,44,660,0.55,4,1,1,1,1,1,1,1,1,0,1,1,1,176,2.38,0.4005,1.326,0.9822,88930
3,38,653,0.41,5,1,1,1,1,1,1,1,1,1,1,0,1,190,0.832,0.3725,0.76,380.074,151600
3,19,1002,3,5,1,1,1,1,1,1,1,1,1,1,1,0,95,2.56,0.735,1.7,1.2,90426
3,32,1900,0.59,5,1,1,1,1,1,1,1,1,0,1,1,1,160,1.44,0.24,1.646,3.38,96250
3,9,153,1.6,23,1,1,1,0,0,0,0,0,0,1,0,0,207,2.64,0.4475,1.072,1.86,98824
3,27,281,0.39,4,1,1,1,1,1,0,1,1,0,0,0,1,108,2.5,0.22775,1.44,0.8722,135417
3,8,190,2,8,1,1,1,1,1,0,1,0,0,0,0,0,64,1.936,0.152525,0.966,1.118,91556
3,9,277,4,12,1,1,1,1,1,0,1,0,0,0,0,1,108,2.56,0.5325,0.836,2.58,62238
3,8,189,1.9,11,1,1,1,1,1,0,1,0,0,0,0,0,88,3.4,1.025,1.266,3.02,60593
3,26,295,0.65,7,1,1,1,1,1,0,1,1,0,0,0,0,182,1.09,0.355,0.94,1.218,150943
3,8,117,2.4,11,1,1,1,1,0,0,1,0,0,1,0,1,88,2.66,0.3925,1.028,1.8,46939
3,9,202,4,10,1,1,1,1,1,0,0,1,0,0,0,0,90,2.5,0.595,0.882,2.6,52109
3,8,101,2.2,7,1,1,1,1,1,0,0,1,0,0,0,0,56,2.2,0.46,0.966,2.62,80400
3,8,308,2.4,10,1,1,1,1,0,0,0,1,0,0,0,0,80,2.66,0.2825,0.892,1.72,59770
3,29,1028,0.98,4,1,1,1,1,1,0,1,1,0,1,0,1,116,1.852,0.3925,1.05,1.284,90099
3,35,515,0.22,7,1,1,1,1,1,1,1,1,1,0,0,1,245,2.4,0.1955,1.382,0.8042,108065
3,10,597,2.8,8,1,1,1,1,1,1,1,1,0,0,0,1,80,2.6,0.25075,1.078,1.4,80952
3,8,77,0.73,13,1,1,1,1,1,1,1,1,0,1,1,1,104,2.286,0.25,1.84,1.44,99757
3,8,126,2,11,1,1,1,1,1,0,1,0,0,0,0,0,88,1.89,0.110775,0.814,1.086,74545
2,5,63,1.1,27,0,1,0,1,1,0,1,0,1,0,0,0,135,8.18,0.5325,2,2.09,58614
2,7,152,1.8,5,1,1,1,1,1,1,0,1,0,0,0,1,35,8.02,0.485,2.186,2.806,70452
2,7,215,1.4,6,1,1,1,1,1,0,1,1,0,0,0,1,42,9.46,0.725,3.08,3.48,88237
2,25,2500,0.39,9,1,1,1,1,0,0,1,1,1,1,1,0,225,8.16,0.5175,1.86,2.094,48000
3,6,79,1,10,1,1,1,1,1,0,1,0,0,0,0,0,60,3.11,0.332525,0.676,0.718,70393
3,37,446,1.4,14,1,1,1,1,1,1,1,1,1,1,1,1,518,1.4,0.2525,0.366,0.222,98012
3,8,55,0.001,10,1,1,1,1,1,1,1,1,0,0,0,0,80,2.938,0.4525,0.608,0.83,95298
3,27,377,1,7,1,1,1,1,1,0,1,1,0,0,0,0,189,2.7,0.3055,0.788,0.966,122847
3,31,363,1.9,9,1,1,1,1,1,1,1,1,1,0,0,1,279,0.644,0.2555,0.568,0.77,125500
3,28,365,1,10,1,1,1,1,1,1,1,1,0,0,0,1,280,2.904,0.6125,0.894,0.898,112500
3,8,266,1,10,1,1,1,1,1,0,1,1,0,0,0,1,80,2.76,0.455,0.734,0.782,105679
3,31,529,1.9,5,1,1,1,1,1,0,1,1,0,1,0,0,155,2.246,0.483,0.752,1.112,157317
3,27,349,2,9,1,1,1,1,1,0,1,1,0,0,0,0,243,2.324,0.468,0.658,1.054,125319
3,8,238,1,10,1,1,1,1,0,0,1,0,0,0,0,0,80,0.72,0.365,0.652,0.66,86921
3,30,636,1,4,1,1,1,1,1,0,1,1,0,0,0,1,120,2.556,0.5525,0.822,0.956,142740
3,35,533,1,9,1,1,1,1,1,1,1,1,1,0,0,1,315,2.238,0.437,0.774,1.146,127002
3,34,867,1,10,1,1,1,1,1,1,1,1,1,1,1,0,340,3,0.445,1.268,1.66,91254
3,8,214,1.9,11,1,1,1,1,1,0,1,0,0,0,0,0,88,0.8,0.124,0.592,0.456,120000
3,8,187,1.7,11,1,1,1,1,1,0,1,0,0,0,0,0,88,1.94,0.162,0.866,1.138,92927
3,30,297,1,10,1,1,1,1,1,0,1,1,0,0,0,0,300,1.38,0.031,0.344,0.588,105505
3,8,199,1,13,1,1,1,1,1,0,1,0,0,0,0,0,104,2.318,0.3885,0.774,1.092,72778
3,8,171,1.8,10,1,1,1,1,1,0,1,0,0,0,0,1,80,2.628,1.0725,0.992,1.3,90704
3,23,511,1,3,1,1,1,1,1,0,1,1,0,0,0,0,69,1.008,0.1745,0.542,0.952,124328
3,29,201,1,5,1,1,1,1,1,1,1,1,0,0,0,0,145,1.752,0.4675,0.75,1.024,164992
3,8,248,1,10,1,1,1,1,0,0,0,1,0,0,0,0,80,2.946,0.5925,0.88,0.8,86625
3,8,120,1,7,1,1,1,1,1,0,1,1,1,0,0,1,56,2.832,0.47,0.782,0.7,87128
3,8,72,1.8,10,1,1,1,1,1,0,1,1,0,0,0,0,80,2.222,0.5055,0.868,1.18,87940
3,8,126,1.7,6,1,1,1,1,0,0,0,1,0,0,0,0,48,2.194,0.4555,0.808,1.2,76190
3,40,593,1.4,6,1,1,1,1,1,1,1,1,0,0,0,0,240,1.98,0.455,0.74,1.108,126351
3,40,636,1.7,9,1,1,1,1,1,1,1,1,1,1,0,0,360,1.376,0.4205,0.772,1.076,113490
3,17,137,0.87,27,1,1,1,1,1,1,1,1,0,0,1,1,459,2.14,0.5315,0.7,1.66,113487
3,24,269,1.9,10,1,1,1,1,1,1,1,1,1,0,0,1,240,1.76,0.24775,0.772,0.6348,157333
3,32,199,1.2,7,1,1,1,1,1,1,1,1,1,1,0,1,224,1.736,0.14,0.3934,1.052,228956
3,32,1432,0.67,7,1,1,1,1,1,1,1,1,0,1,1,0,224,1.294,0.2835,0.83,1.042,99430
3,8,118,1.2,14,1,1,1,1,1,0,1,1,1,0,0,0,112,1.094,0.217,1.208,0.3818,131779
3,36,292,1.6,8,1,1,1,1,1,1,1,1,1,0,0,1,288,1.02,0.17,0.976,0.2688,194531
3,8,122,0.92,3,1,1,1,1,1,0,1,1,0,0,0,0,24,0.918,0.011,0.97,0.173,171774
3,8,110,1.2,6,1,1,1,1,1,1,1,1,1,0,0,1,48,0.714,0.0335,1.14,0.39,170164
3,8,132,1.3,10,1,1,1,1,0,0,1,1,0,0,0,0,80,1.612,0.1925,0.59,0.724,106900
3,28,329,1.4,10,1,1,1,1,1,0,1,1,0,0,0,0,280,1.352,0.17,0.728,0.676,119134
3,8,224,1.2,5,1,1,1,1,1,0,1,1,0,0,0,1,40,1.82,0.245,0.906,0.4184,157143
3,12,108,1,13,1,1,1,1,1,0,1,0,0,0,0,0,156,1.488,0.0915,0.902,0.3906,192451
3,9,439,1.3,27,1,1,1,1,0,0,0,0,0,0,0,1,243,1.3,0.3175,1.06,0.6368,31786
3,7,70,0.43,11,1,1,1,1,1,0,1,1,0,0,0,0,77,1.568,0.525,0.882,1.178,121096
3,8,132,0.98,5,1,1,1,1,1,0,1,1,0,0,0,0,40,1.018,0.3775,1.004,0.58,170414
3,25,34,0.5,27,1,1,1,1,0,0,0,0,0,1,0,1,675,1.78,0.3475,0.63,5.276,169307
3,41,34,1.6,11,1,1,1,1,1,1,1,1,1,0,0,0,451,1.646,0.2425,1.012,0.4208,143846
3,10,361,1.3,7,1,1,1,1,1,1,1,1,1,1,0,1,70,1.738,0.155,0.3908,1.054,199641
3,30,490,2,10,1,1,1,1,1,1,1,1,1,0,0,1,300,1.04,0.1675,0.58,15.538,148290
3,8,69,0.48,11,1,1,1,1,1,1,1,1,0,0,0,0,88,1.35,0.4675,0.816,0.628,109033
3,7,78,0.91,12,1,1,1,1,1,0,1,1,0,0,0,1,84,1.658,0.2325,0.424,0.9282,119903
3,27,68,1.6,22,1,1,1,1,1,1,1,1,1,0,0,1,594,1.68,0.17575,1.54,0.932,128183
3,7,396,0.13,24,1,1,1,1,0,0,0,1,1,0,0,0,168,2.36,0.29225,1.022,0.4676,48361
3,8,60,0.76,7,1,1,1,1,1,0,1,0,0,0,0,0,56,1.174,0.13375,0.974,0.264,149643
3,30,54,1.4,14,1,1,1,1,1,0,1,0,0,0,0,1,420,1.718,0.1585,1.098,0.3588,121622
3,31,612,1.2,1,1,1,1,1,1,1,1,1,0,1,0,1,31,1.29,0.345,1.012,15.184,134500
3,28,887,0.69,8,1,1,1,1,1,1,1,0,0,1,1,1,224,1.372,0.2285,0.71,1.042,96138
3,7,24,1.8,14,1,1,1,1,1,0,1,1,0,0,1,1,98,1.74,0.23775,0.984,0.8348,141824
3,8,478,0.68,4,1,1,1,1,1,0,1,1,0,1,0,0,32,1.078,0.385,0.312,1.24,127557
3,25,82,1.6,28,1,1,1,1,1,0,1,0,0,0,0,0,700,1.82,0.7175,1.22,1.4,95834
3,7,60,2.2,11,1,1,1,1,1,0,1,1,0,0,0,0,77,1.244,13.065,1.234,2.42,79542
3,8,78,1.4,7,1,1,1,1,1,0,1,1,1,0,0,0,56,1.868,0.3375,1.242,0.5366,192074
3,36,710,1.6,25,1,1,1,1,1,0,1,1,1,0,0,0,900,1.53,0.10325,0.908,0.3188,67308
3,37,589,2.1,6,1,1,1,1,1,1,1,1,0,0,0,1,222,1.004,0.0575,0.688,1.832,165385
3,25,496,0.9,2,1,1,1,1,1,1,1,1,0,0,0,0,50,1.044,0.235,0.322,0.5784,197500
3,36,407,0.8,3,1,1,1,1,1,1,1,1,0,1,0,1,108,0.574,0.07,0.332,0.0824,198111
3,34,486,0.69,6,1,1,1,1,1,1,1,1,1,0,0,0,204,1.344,0.3525,0.576,0.958,182222
3,8,77,2.4,12,1,1,1,1,1,0,0,0,1,1,0,1,96,1.119,0.4725,1.092,2.34,67568
3,6,13,1.3,9,1,1,1,1,0,0,0,0,0,0,0,1,54,1.624,0.01225,1.192,7.518,83744
3,8,78,1.4,13,1,1,1,1,1,0,1,1,0,0,0,0,104,1.844,0.295,1.21,0.4268,128986
3,8,27,1,12,1,1,1,1,1,1,1,0,0,0,0,0,96,1.714,0.455,0.472,1.08,119632
3,8,74,1.3,10,1,1,1,1,1,0,1,0,0,0,0,1,80,1.16,0.07475,1.34,0.648,141847
3,32,185,1.2,12,1,1,1,1,1,1,1,1,0,0,0,0,384,1.228,0.1325,0.804,0.226,209524
3,17,383,0.64,14,1,1,1,1,1,1,1,0,1,0,0,0,238,1.322,0.142,0.79,15.048,100000
3,31,246,1,8,1,1,1,1,1,1,1,1,1,0,0,1,248,1.944,0.1995,0.696,0.2404,237175
3,8,214,0.77,10,1,1,1,1,1,1,1,1,0,0,0,1,80,1.372,0.385,0.724,0.546,110380
3,8,82,1.4,6,1,1,1,1,1,0,1,1,0,0,0,0,48,1.998,0.2545,1.16,0.5806,180851
3,42,361,1.6,9,1,1,1,1,1,1,1,1,1,1,1,1,378,1.572,0.1825,0.954,0.3568,182353
3,36,165,0.96,15,1,1,1,1,1,1,1,0,0,0,0,0,540,0.564,0.02775,1.004,0.2844,186567
3,8,128,0.73,8,1,1,1,1,1,0,1,1,0,0,0,1,64,1.434,0.5675,0.708,0.748,136047
3,8,138,1.4,10,1,1,1,1,1,1,1,1,0,1,1,0,80,1.05,0.35,0.512,0.79,134884
3,46,498,1.2,21,1,1,1,1,1,1,1,1,1,1,0,0,966,2.108,0.282,0.858,0.3404,93174
3,8,738,1.1,19,1,1,1,1,1,1,1,1,0,1,0,0,152,1.736,0.545,1.516,1.7,49818
3,8,738,3.1,9,1,1,1,1,1,1,1,1,0,1,0,0,72,1.92,13.3575,1.72,2.96,75000
3,8,141,1.4,6,1,1,1,1,1,0,1,1,1,0,0,1,48,1.9,0.2075,0.6574,0.6564,156913
3,7,70,1.7,5,1,1,1,1,1,0,1,1,0,0,0,1,35,1.6,0.19525,0.91,0.8168,136364
3,8,119,0.66,5,1,1,1,1,1,0,1,0,0,0,0,1,40,1.402,0.5075,0.75,0.694,107500
3,8,73,0.68,9,1,1,1,1,1,0,1,0,0,0,0,0,72,1.504,0.49,0.692,0.876,91837
3,8,139,0.32,10,1,1,1,1,1,0,1,1,1,0,0,0,80,1.426,0.331,1.038,1.082,91320
3,8,130,1,1,1,1,1,1,1,1,1,1,0,0,0,0,8,1.64,0.19,0.436,0.8522,181714
3,5,130,0.99,8,1,1,1,1,1,0,1,1,0,0,0,0,40,1.572,0.615,0.85,1.226,114286
3,8,76,1.5,11,1,1,1,1,1,0,1,1,0,0,0,0,88,1.646,0.09425,0.502,0.7222,128558
3,8,140,1.6,8,1,1,1,1,1,0,1,0,0,0,0,1,64,1.94,0.159,1.188,1.0248,110000
3,8,467,0.45,1,1,1,1,1,1,1,1,1,0,0,0,1,8,1.82,0.3265,0.418,1.292,147079
3,22,78,1.9,13,1,1,1,1,1,1,1,0,0,0,0,0,286,1.92,0.38,0.774,0.6566,121429
3,8,76,1.7,8,1,1,1,1,1,0,1,1,0,0,0,0,64,1.58,0.22025,0.938,0.8608,121622
3,8,280,0.39,9,1,1,1,1,1,1,1,1,0,0,0,0,72,1.464,0.64,0.988,0.804,105560
1,28,1458,0.68,7,1,1,1,1,1,0,1,1,0,1,0,0,196,4.26,0.45,1.148,0.992,76786
1,5,39,2.9,27,0,0,0,1,1,0,1,0,0,0,0,0,135,5.88,0.28,0.928,2.44,35294
1,9,465,0.34,28,1,1,1,1,0,0,0,0,0,1,1,1,252,6.26,0.4525,2,1.504,23147
1,8,255,1.8,13,1,1,1,1,0,0,0,0,0,0,0,0,104,4.98,0.34825,1.354,1.24,50302
1,5,250,1.5,6,1,1,1,1,1,1,1,0,1,0,0,1,30,4.94,0.40075,1.058,1.424,55956
1,7,1019,5.7,6,1,1,1,1,1,0,1,1,0,0,0,0,42,11.86,1.725,1.88,4.24,55300
1,8,916,2.1,7,1,1,1,1,1,1,0,1,0,0,0,0,56,9.78,0.515,1.574,3.122,63736
1,8,1179,1.7,7,1,1,1,1,1,0,1,1,0,0,0,0,56,6.82,0.21,0.572,1.18,48214
1,4,264,3.4,6,0,1,1,1,1,0,1,1,0,0,0,1,24,10.42,0.3355,1.82,2.896,51613
2,8,207,5.4,10,1,1,1,1,1,1,1,1,0,0,0,1,80,5.08,0.5875,3.14,0.988,48286
2,8,42,4,12,0,1,1,1,1,0,1,0,0,1,1,1,96,4.88,0.156,2.88,1.46,20949
2,8,357,4,9,1,1,1,1,0,0,1,0,0,0,0,0,72,3.52,0.13,0.508,0.326,43824
2,8,858,4,24,1,1,0,1,1,0,0,0,1,1,0,0,192,4.2,0.6725,1.608,2.22,21234
2,5,48,4,11,1,1,1,1,1,0,1,1,0,0,0,1,55,4.66,0.33775,2.32,1.52,49358
2,8,187,4,16,1,1,1,1,0,0,0,0,0,1,0,1,128,4.54,0.218,2.04,1.6,26617
2,5,253,0.004,15,0,1,1,1,0,0,1,0,0,0,0,1,75,3.68,0.515,1.27,1.792,337844
2,5,42,4,8,1,1,1,1,0,0,1,0,0,0,0,1,40,3.66,0.2025,1.094,2.68,43333
2,9,156,4,14,1,1,1,1,1,0,1,1,0,0,0,1,126,4.16,0.2925,1.364,1.118,31429
2,8,66,4.9,9,1,1,1,1,0,0,1,1,0,0,0,0,72,3.44,0.265,2.44,0.326,102911
2,5,55,4,23,1,1,1,1,1,0,0,0,0,0,0,1,115,5.02,0.3885,2.88,1.58,20655
2,8,301,4,5,1,1,1,1,1,0,1,1,0,0,0,0,40,3.9,0.258,1.14,1.25,53393
2,8,334,0.004,8,1,1,1,1,1,0,1,1,0,0,0,0,64,3.2,0.3125,0.832,1.954,41895
2,7,210,4,25,1,1,1,1,0,0,0,0,0,1,0,0,175,3.94,0.4275,1.152,0.972,17308
2,5,24,4,12,1,1,1,1,1,0,1,1,0,0,0,1,60,4.26,0.196,1.536,2.16,31684
1,8,170,2.5,24,0,1,1,1,0,0,0,0,1,1,0,0,192,12.38,0.075,0.492,3.72,17979
3,35,268,0.55,6,1,1,1,1,1,1,1,1,1,0,0,0,210,1.344,0.265,0.848,1.072,367046
3,33,170,0.26,21,1,1,1,1,0,0,0,1,0,0,0,1,693,1.03,0.088,0.61,0.662,151685
3,41,219,0.42,11,1,1,1,1,1,1,1,1,1,0,1,0,451,0.766,0.10975,0.726,0.496,235529
3,24,95,0.78,21,1,1,1,1,1,0,1,0,0,0,0,0,504,1.028,0.0463575,0.59,0.5528,198630
3,34,220,0.58,15,1,1,1,1,1,1,1,1,1,0,0,0,510,1.2492,0.19225,1.05,0.656,119048
3,26,52,0.55,14,1,1,1,1,1,1,1,1,0,0,0,0,364,1.344,0.265,0.848,1.072,224997
3,8,68,0.35,14,1,1,1,1,1,0,1,1,0,1,0,0,112,0.684,0.064,0.4048,0.546,186047
3,7,22,0.79,13,1,1,1,1,1,1,1,0,1,0,0,0,91,1.452,0.2925,0.826,1.14,120413
3,26,510,1.4,6,1,1,1,1,1,0,1,1,1,1,1,0,156,1.18,0.3525,0.716,0.66402,112727
3,24,220,1.2,11,1,1,1,1,1,1,1,1,0,0,0,1,264,1.046,0.0995,0.838,6.25,109000
3,19,31,0.95,31,1,1,1,1,1,0,1,0,1,1,1,1,589,0.984,0.1555,0.79,0.4844,143440
3,8,128,1.4,10,1,1,1,1,1,0,1,0,0,0,0,0,80,1.176,0.19,0.844,0.61402,125660
3,8,90,0.75,1,1,1,1,1,1,0,1,1,0,0,0,1,8,0.478,0.084,0.46,0.482,221250
3,43,196,0.56,10,1,1,1,1,1,1,1,1,0,0,0,1,430,1.284,0.0625,1.134,0.706,145370
3,8,110,0.8,4,1,1,1,1,1,0,1,0,0,0,0,1,32,1.06,0.12,0.62,0.48,252060
3,8,79,1.1,3,1,1,1,1,1,0,1,0,0,0,0,0,24,1.238,0.2025,0.746,0.47802,176383
3,39,262,0.97,18,1,1,1,1,1,0,1,0,0,0,0,0,702,1.192,0.0175475,0.606,0.746,158824
3,8,126,0.78,3,1,1,1,1,1,0,1,0,0,0,0,1,24,1.2,0.325,0.896,1.052,177399
3,8,96,0.8,1,1,1,1,1,1,0,1,1,0,0,0,0,8,0.78,0.12,0.462,0.2,249700
3,8,110,0.43,14,1,1,1,1,1,0,1,0,0,0,0,0,112,0.848,0.13875,0.76,0.592,150951
3,8,108,0.91,11,1,1,1,1,1,0,1,1,0,0,0,1,88,1.94,0.5415,1.284,1.362,112482
3,8,79,0.75,11,1,1,1,1,1,0,1,0,0,0,0,0,88,1.456,0.3825,0.906,1.22,163265
3,50,1442,0.59,2,1,1,1,1,1,1,1,1,1,0,0,0,100,0.56,0.1175,0.578,0.426,299886
3,7,48,0.79,9,1,1,1,1,1,0,1,0,0,0,0,0,63,0.72,0.48,0.852,0.726,163265
3,32,44,0.42,9,1,1,1,1,1,1,1,1,1,1,1,1,288,1.216,0.16375,0.69,0.918,231742
3,7,22,1.3,10,1,1,1,1,1,0,1,0,1,0,0,1,70,1.194,0.14675,0.806,0.57602,128080
3,9,26,0.53,10,1,1,1,1,1,0,1,1,0,0,0,1,90,1.36,0.3425,0.664,0.968,189512
3,13,78,0.71,10,1,1,1,1,1,1,1,1,0,0,0,1,130,1.4,0.47,0.636,1.182,237956
3,36,177,1.1,10,1,1,1,1,1,1,1,1,1,0,0,1,360,1.268,0.0575,0.602,0.838,278302
3,16,62,1.1,8,1,1,1,1,1,1,1,0,1,0,0,0,128,0.828,0.3475,0.788,1.022,123199
3,8,67,0.77,8,1,1,1,1,1,0,1,0,0,0,0,0,64,1.74,0.47,1.136,1.214,136054
3,8,54,0.75,7,1,1,1,1,1,1,1,1,0,0,0,0,56,1.536,0.3825,0.906,1.22,200000
3,22,597,1.1,10,1,1,1,1,1,1,1,1,1,0,0,0,220,1.014,0.2255,0.886,0.556,178571
3,7,37,0.67,8,1,1,1,1,1,0,1,1,0,0,0,0,56,1.51,0.405,1.04,1.114,153414
3,8,64,0.93,7,1,1,1,1,1,0,1,0,0,0,0,0,56,0.808,0.4075,0.89,0.948,155061
3,28,218,0.91,10,1,1,1,1,1,0,1,1,0,1,0,0,280,0.96,0.14575,0.794,0.4742,244722
3,29,278,0.48,10,1,1,1,1,1,1,1,1,1,0,1,1,290,1.19,0.047,0.866,0.624,107054
3,7,273,1.4,4,1,1,1,1,1,0,1,1,0,0,0,0,28,1.176,0.19,0.844,0.61402,187647
3,47,53,0.55,9,1,1,1,1,1,1,1,1,0,1,1,1,423,0.692,0.0415,0.944,0.512,328322
3,35,76,0.42,11,1,1,1,1,1,1,1,0,0,1,0,0,385,0.94,0.06075,0.23236,0.442,152206
3,8,303,1.1,8,1,1,1,1,1,0,1,1,1,0,0,0,64,1.228,0.2325,0.774,0.49602,173913
3,8,79,0.38,9,1,1,1,1,1,0,1,1,0,0,0,1,72,1.096,0.1865,0.8012,0.788,135229
3,7,24,1.2,9,1,1,1,1,1,0,1,0,0,0,0,0,63,1.232,0.195,0.596,0.872,73529
3,37,247,0.97,15,1,1,1,1,1,1,1,1,1,0,0,1,555,1.192,0.0175475,0.606,0.746,86927
2,19,275,2,7,1,1,1,1,1,1,1,1,0,0,0,1,133,7.16,0.328,0.824,3.16,98868
2,27,417,2,8,1,1,1,1,1,0,1,0,0,0,0,0,216,8.14,0.47,1.222,3.288,51613
2,8,586,2,5,1,1,1,1,1,0,1,1,0,0,0,1,40,6.22,1.85,0.508,5.48,77920
2,8,404,0.002,6,1,1,1,1,1,0,1,1,0,1,0,1,48,8.84,0.69,2.06,3.5,77407
2,8,1250,3,12,1,1,1,1,1,0,1,1,1,0,0,0,96,6.94,0.485,1.258,5.74,54194
2,8,79,4.8,5,1,1,1,1,1,0,1,0,0,0,0,0,40,11.2,0.795,2.72,3.16,41666
2,20,212,0.003,14,1,1,1,1,0,0,1,0,0,1,0,0,280,5.3,0.31825,0.712,2.92,57813
2,35,835,3,6,1,1,1,1,1,1,1,1,1,1,1,1,210,6.06,0.36,0.77,2.94,82759
2,30,584,3,5,1,1,1,1,1,0,1,1,0,0,0,1,150,6.32,1.045,1.56,3.82,89000
2,30,793,3,3,1,1,1,1,1,0,1,1,0,0,0,1,90,6.5,1.1575,1.68,3.94,90141
3,16,71,1.1,18,1,1,1,1,1,0,1,1,0,0,0,1,288,2.02,1.09,1.176,1.088,62500
3,8,50,0.96,22,1,1,1,1,1,1,1,0,0,1,1,0,176,1.84,0.41325,1.234,1.676,56671
3,8,156,0.79,10,1,1,1,1,1,0,0,0,0,0,0,0,80,1.82,0.505,0.712,1.37,84118
3,7,21,1.1,24,1,1,1,1,0,0,1,0,1,1,0,1,168,1.72,0.2895,0.724,0.952,86806
3,8,58,0.9,10,1,1,1,1,1,0,1,0,0,0,0,0,80,1.88,0.6125,0.6896,1.34,85284
3,30,516,0.18,3,1,1,1,1,1,0,1,1,0,0,0,0,90,0.49,0.092,0.099,0.2,179190
3,8,77,0.67,14,1,1,1,1,1,0,1,0,0,0,0,0,112,1.452,0.17825,0.808,0.706,98667
3,8,79,0.69,11,1,1,1,1,1,0,1,0,0,0,0,0,88,1.416,0.2625,0.636,0.652,116401
3,24,206,0.13,12,1,1,1,1,1,0,1,0,0,0,0,0,288,1.532,0.1455,0.964,0.498,98245
3,16,202,0.79,26,1,1,1,1,1,0,0,0,0,0,0,1,416,1.418,0.22825,0.798,0.752,79833
3,8,79,0.55,8,1,1,1,1,1,0,0,1,0,0,0,0,64,1.42,0.3,1.096,0.834,136111
3,8,79,0.54,8,1,1,1,1,1,0,0,0,0,0,0,0,64,1.82,0.285,0.924,0.798,96105
3,8,79,0.56,7,1,1,1,1,1,0,1,0,1,0,0,0,56,1.2,0.205,0.744,0.606,113793
3,8,36,0.9,3,1,1,1,1,1,0,1,0,1,0,0,1,24,1.606,0.3005,0.694,1.068,122551
3,19,271,0.71,27,1,1,1,1,0,0,0,0,0,1,0,0,513,1.82,0.4275,1.088,1.92,34316
3,9,459,0.77,26,1,1,1,1,1,0,0,0,0,1,1,1,234,2.06,0.51,1.24,2.14,54667
3,3,60,1.4,27,1,1,1,1,1,1,1,0,0,0,0,1,81,1.4,0.495,1.014,1.8,60901
3,8,151,0.38,11,1,1,1,1,1,1,1,1,0,0,0,1,88,1.382,0.1955,1.1,0.676,90435
3,8,133,1,5,1,1,1,1,1,0,1,1,0,0,0,0,40,1.96,0.7025,0.7412,1.358,116000
3,8,128,0.81,10,1,1,1,1,1,0,1,1,0,0,0,0,80,1.82,0.5175,0.776,1.374,91499
3,23,449,0.44,9,1,1,1,1,1,0,1,1,0,1,0,0,207,1.12,0.34,1.006,1.09,142105
3,37,450,1.4,9,1,1,1,1,1,1,1,1,0,0,0,0,333,1.256,0.41,0.724,1.66,102213
3,9,196,0.68,15,1,1,1,1,0,0,1,0,0,1,0,1,135,1.608,0.4125,1.188,1.358,47600
3,30,68,0.58,9,1,1,1,1,1,1,1,0,0,0,0,0,270,1.42,0.2975,1.042,0.874,149357
3,8,73,0.71,7,1,1,1,1,1,0,1,1,0,0,0,1,56,1.38,0.29,0.64,0.752,130189
3,20,357,0.46,11,1,1,1,1,1,1,1,0,0,0,0,0,220,1.322,0.16025,0.982,0.882,109747
3,5,114,0.84,13,0,0,1,1,0,0,0,1,0,1,0,0,65,2.2,0.5775,1.34,2.24,33012
3,29,1093,0.98,12,1,1,1,1,1,0,1,1,1,0,0,0,348,1.42,0.13325,1.082,1.478,91923
3,21,861,0.72,14,1,1,1,1,1,0,1,1,1,0,0,0,294,1.28,0.3975,0.572,1.006,82692
3,19,152,0.35,9,1,1,1,1,1,1,1,0,1,0,0,1,171,1.404,0.2155,1.012,0.633,114589
3,24,217,0.038,13,1,1,1,1,1,0,1,0,0,1,0,1,312,1.288,0.26,0.542,0.487,126531
3,20,205,0.46,10,1,1,1,1,1,0,1,0,0,0,0,0,200,1.39,0.04725,0.55,0.418,163993
3,22,191,0.35,6,1,1,1,1,1,1,1,1,1,0,0,0,132,1.368,0.08275,0.494,0.306,185484
3,39,483,0.1,3,1,1,1,1,1,1,1,1,0,1,0,0,117,1.24,0.2075,0.506,0.552,187268
3,26,620,0.19,6,1,1,1,1,1,0,1,1,0,0,0,1,156,0.756,0.0865,0.72,0.9,151613
3,7,119.5,1.3,16,1,1,1,1,0,0,0,1,0,0,0,0,112,2.32,1.0225,1.064,1.6,75000
3,7,73,0.73,28,1,1,1,1,1,0,1,0,0,0,0,1,196,1.424,0.18325,0.722,0.688,72233
3,8,164,0.42,14,1,1,1,1,1,0,1,0,0,0,0,0,112,1.74,0.16275,0.932,0.67,99545
3,8,97,0.75,23,1,1,1,1,1,1,1,0,0,0,0,0,184,1.292,0.11325,0.786,1.192,72933
3,5,117,1.6,37,0,0,0,0,0,0,0,0,0,0,0,0,185,1.46,0.895,1.018,1.96,131662
3,8,122,1.1,9,1,1,1,1,1,0,1,1,0,0,0,0,72,2.364,0.313,0.804,1.16,108599
3,8,83,0.37,28,1,1,1,1,1,0,1,0,1,1,0,1,224,1.74,0.149,0.772,0.52,74028
3,8,83,0.66,19,1,1,1,1,0,0,1,0,0,1,0,1,152,1.43,0.22825,0.634,0.612,103800
3,8,109,0.76,5,1,1,1,1,1,1,1,0,0,0,0,0,40,1.8,0.4725,0.752,1.364,101628
3,8,28,1.1,15,1,1,1,1,1,0,1,0,0,1,0,0,120,1.724,0.223,0.756,1.034,85693
3,7,149,0.23,35,1,1,1,1,0,0,0,0,0,1,0,0,245,1.752,0.0815,0.776,0.38,62500
3,23,242,0.68,36,1,1,1,1,1,0,1,0,0,0,0,0,828,1.488,0.3675,1.08,1.258,145161
3,21,154,0.61,7,1,1,1,1,1,0,1,1,0,0,0,0,147,1.684,0.3575,0.748,1.214,103242
3,27,282,0.47,5,1,1,1,1,1,0,1,1,0,0,0,0,135,0.986,0.12,0.498,0.666,151943
3,8,109,0.43,5,1,1,1,1,1,1,1,0,0,0,0,0,40,1.52,0.225,1.118,0.762,116667
3,8,95,0.002,7,1,1,1,1,1,0,1,1,0,1,1,1,56,0.96,0.244,0.692,0.874,112500
3,9,128,0.81,34,1,1,1,1,1,0,1,0,0,1,1,1,306,1.774,0.54,1.32,1.504,44516
3,8,51,0.77,10,1,1,1,1,1,0,1,0,0,0,0,0,80,1.552,0.21325,0.806,0.728,101923
3,34,537,1.2,5,1,1,1,1,1,0,1,1,1,0,0,1,170,1.012,0.395,0.492,0.892,121516
3,30,163,0.81,7,1,1,1,1,1,0,1,1,0,0,0,0,210,1.44,0.2875,1.032,1.12,116667
3,8,44,0.66,9,1,1,1,1,1,0,1,1,0,0,0,1,72,1.45,0.12825,0.694,0.616,129105
3,8,79,0.86,9,1,1,1,1,1,0,1,1,0,0,0,0,72,1.65,0.28075,0.898,0.82,133333
3,24,86,0.002,2,1,1,1,1,1,0,1,0,0,0,0,0,48,0.424,0.0005,0.556,0.358,288285
3,28,555,0.89,5,1,1,1,1,1,0,1,1,0,0,0,1,140,1.576,0.30325,0.874,0.914,88992
3,8,117,0.37,11,1,1,1,1,1,0,1,0,0,0,0,0,88,1.504,0.11925,0.928,0.63,89674
3,7,22,0.49,11,1,1,1,1,1,0,1,1,0,0,0,0,77,1.376,0.1055,0.562,0.446,180328
3,31,253,0.33,3,1,1,1,1,1,1,1,0,0,0,0,0,93,1.224,0.2675,1.008,1.088,188148
3,8,94,0.002,11,1,1,1,1,1,1,1,1,0,1,1,1,88,0.998,0.3525,0.8,0.978,120000
3,8,79,0.74,9,1,1,1,1,1,1,1,1,0,0,0,0,72,1.394,0.3,0.638,0.734,125000
3,8,79,0.74,8,1,1,1,1,1,0,1,0,0,0,0,0,64,1.544,0.2605,0.64,0.896,107038
3,25,189,0.074,8,1,1,1,1,1,0,1,1,0,0,0,1,200,1.266,0.2275,0.522,0.5264,138462
3,8,70,0.45,13,1,1,1,1,1,0,1,0,0,0,0,0,104,0.688,0.1825,0.424,0.546,103175
2,8,347,2,5,1,1,1,1,1,0,1,1,0,0,0,1,40,2.84,0.508,1.68,1.0222,86320
2,18,179.5,3.9,23,1,1,1,1,1,0,1,0,0,1,0,0,414,3.26,0.39275,0.916,24.32,42169
2,8,218,2,8,1,1,1,1,1,0,1,1,0,0,0,0,64,1.328,0.3875,0.884,1.796,84451
2,8,197,2,5,1,1,1,1,1,0,1,1,0,0,0,1,40,1.312,0.356,1.174,1.56,98309
2,8,79,2,3,1,1,1,1,1,0,1,1,0,0,0,0,24,1.276,0.5335,1.314,1.3,86631
2,6,224,5.4,24,1,1,1,1,1,0,1,1,1,0,0,0,144,4.72,0.73,1.556,30.96,39965
2,8,962,2,5,1,1,1,1,1,0,1,1,1,0,0,0,40,1.434,0.5285,1.836,0.884,82502
2,8,1630,2,5,1,1,1,1,1,0,1,1,1,0,0,0,40,1.1,0.4335,1.736,0.99,92647
2,23,940,2.2,5,1,1,1,1,1,0,1,1,0,1,0,0,115,1.138,0.05,0.65,15.578,159720
2,8,365,2,4,1,1,1,1,1,0,1,1,0,0,0,0,32,1.12,0.471,1.374,0.888,99712
2,8,147,2.4,10,1,1,1,1,1,0,1,1,0,0,0,0,80,1.182,0.0975,0.772,15.762,91429
2,8,146,2.4,10,1,1,1,1,0,0,1,1,0,1,0,0,80,1.366,0.1275,0.84,15.76,81765
2,8,195,3.3,7,1,1,1,1,1,0,1,0,0,0,0,1,56,1.38,0.76,0.892,1.908,43438
2,8,368,2,6,1,1,1,1,1,0,1,0,0,0,0,0,48,1.638,0.485,1.024,2.22,56452
2,8,634,3,5,1,1,1,1,1,0,1,0,0,0,0,0,40,1.78,0.4425,1.062,16.036,56079
2,21,580,2,5,1,1,1,1,1,0,1,1,0,1,0,0,105,1.45,0.4835,1.016,1.22,91608
2,8,74,2.8,8,1,1,1,1,1,0,1,1,0,0,0,0,64,1.448,12.99,1.32,2.6,101257
2,8,192,2,6,1,1,1,1,1,0,1,1,0,0,0,1,48,1.14,0.4785,1.354,0.898,106912
2,2,90,2,25,1,1,1,1,0,0,0,0,0,0,0,0,50,3.12,267.025,1.616,2.56,52920
2,8,79,2,9,1,1,1,1,1,0,1,0,0,0,0,0,72,1.1198,0.33,0.688,1.512,91429
2,8,794,1,10,1,1,1,1,1,0,1,0,0,0,0,0,80,4.06,0.68525,1.252,9.0422,43551
2,8,157,2,6,1,1,1,1,1,0,1,0,0,1,0,1,48,2.42,0.79025,1.276,21.6,69964
2,8,260,2,7,1,1,1,1,1,0,1,0,0,0,0,0,56,3.16,1.45,1.246,22.26,46552
2,8,155,2,5,1,1,1,1,1,0,1,0,0,1,0,1,40,1.876,14.2025,0.992,1.64,70154
2,8,122,2,8,1,1,1,1,1,0,1,1,0,0,0,0,64,1.102,0.4285,1.526,0.976,81991
2,8,630,1,6,1,1,1,1,1,0,1,1,0,1,1,1,48,4.02,0.67525,1.252,9.0262,50000
2,8,77,1,6,1,1,1,1,1,0,1,1,0,0,0,0,48,4.04,0.68525,1.272,9.0282,57857
2,7,79,2,11,1,1,1,1,1,0,1,0,0,0,0,0,77,1.2,0.341,1.604,0.616,85897
2,8,136,2.4,10,1,1,1,1,1,0,1,1,0,0,0,0,80,1.152,0.05,0.728,1.932,79245
2,8,138,2.4,10,1,1,1,1,1,0,1,1,0,0,0,1,80,1.138,0.0925,0.74,1.938,86005
2,20,358,2.2,6,1,1,1,1,1,0,1,1,0,0,0,1,120,1.132,0.05,0.632,15.574,126905
2,8,77,2.6,8,1,1,1,1,1,0,1,1,0,0,0,1,64,1.384,0.15,1.08,2.206,104471
2,23,487,2,9,1,1,1,1,1,0,1,1,1,1,0,1,207,1.154,0.3585,1.05,0.948,131034
2,8,105,2,11,1,1,1,1,0,0,1,0,0,0,0,0,88,1.082,0.3735,1.7,1.046,84444
2,8,167,2,3,1,1,1,1,1,0,1,1,0,1,0,1,24,2.8,0.5275,1.188,21.358,71629
2,7,72,3.3,9,1,1,1,1,0,0,1,1,0,0,0,0,63,2.74,0.9,1.386,16.66,63910
2,8,95,2.5,7,1,1,1,1,1,0,1,1,0,0,0,1,56,1.286,0.1275,0.9,2.106,96098
2,8,73,2.5,10,1,1,1,1,1,0,1,1,0,0,0,0,80,1.282,0.05,0.886,15.842,84182
2,41,673,2,1,1,1,1,1,1,1,1,1,1,1,1,1,41,1.212,0.12725,1.382,0.438,161883
2,8,262,2,8,1,1,1,1,1,0,1,1,0,0,0,1,64,1.2,0.566,1.334,1.038,136967
2,8,79,2,9,1,1,1,1,1,0,1,1,0,0,0,0,72,1.232,0.551,1.326,1.094,88888
3,7,21,0.86,22,1,1,1,1,0,0,0,0,0,1,1,0,154,2.18,0.625,0.564,1.126,198233
2,8,79,1,11,1,1,1,1,0,0,1,0,0,0,0,0,88,4.88,0.535,0.97,1.168,32688
2,9,158,1.8,8,1,1,1,1,1,0,1,1,0,0,0,0,72,7.74,0.35375,0.572,13.1,35330
2,8,83,4.8,11,1,1,1,1,0,0,1,1,0,1,0,0,88,9.44,3.45,3.12,15.64,99761
2,14,936,1,21,1,1,1,1,1,0,0,0,1,1,1,1,294,6.06,0.685,1.562,1.748,21127
2,7,275,1,12,1,1,1,1,1,0,1,0,0,0,0,0,84,5.4,0.2035,0.602,0.656,66119
2,23,216.5,4.5,21,1,1,1,1,1,0,1,0,0,0,0,0,483,6.7,0.408,1.1,8.804,31328
2,9,3000,1,21,1,1,1,1,0,0,0,0,0,1,1,1,189,5.26,0.365,1.102,1.128,23223
2,27,2346,2.1,5,1,1,1,1,1,1,1,1,1,1,1,1,135,8.16,0.225,0.896,3.9,112315
2,24,892,0.001,4,1,1,1,1,1,1,1,1,1,1,1,1,96,5.24,0.16675,0.988,2.178,93138
2,32,1265,1,10,1,1,1,1,1,1,1,1,1,0,0,1,320,4.82,0.60075,1.33,2.34,89000
2,29,1028,1,9,1,1,1,1,1,0,1,1,1,0,0,1,261,2.9,0.54,0.874,1.74,61462
2,8,1146.5,0.001,11,1,1,1,1,0,0,0,0,0,0,0,0,88,5.44,0.19425,1.04,2.22,40959
3,29,315,0.75,1,1,1,1,1,1,0,1,1,0,0,0,0,29,0.518,0.4325,1.126,1.1778,175357
3,26,611,0.81,12,1,1,1,1,1,1,1,1,0,0,0,1,312,0.926,0.2675,0.712,0.534,154985
3,27,580,1.6,14,1,1,1,1,1,1,1,0,0,1,0,0,378,1.68,0.59,1.38,2.22,150000
3,43,255,0.001,31,1,1,1,1,1,1,1,0,0,1,1,1,1333,1.4,0.101,0.994,0.2738,200813
3,16,41,0.28,34,0,0,1,1,1,0,0,0,1,0,0,0,544,0.9,0.104,0.444,0.838,61774
3,26,329,0.91,9,1,1,1,1,1,0,1,1,0,0,0,1,234,1.15,0.13275,0.494,0.67,101550
3,43,917,0.47,8,1,1,1,1,1,1,1,1,1,1,0,1,344,1.122,0.3575,1.136,1.01,128205
3,31,306,0.78,5,1,1,1,1,1,1,1,0,0,0,0,0,155,0.802,0.1675,0.52,0.38,185897
3,26,610,0.96,21,1,1,1,1,1,0,1,0,0,0,1,1,546,1.302,0.0786,0.764,0.1766,107838
3,24,317,0.34,5,1,1,1,1,1,0,1,1,0,1,0,0,120,0.938,0.1615,0.484,0.88,200000
3,38,476,0.4,9,1,1,1,1,1,1,1,1,1,1,1,1,342,0.9,0.1775,0.522,0.784,200000
3,34,447,0.001,8,1,1,1,1,1,0,1,1,1,0,0,0,272,1.36,0.207,0.688,0.408,134058
3,8,373,0.001,31,1,1,1,1,0,0,0,0,0,1,0,0,248,1.4,0.06525,1.038,0.3102,71460
3,35,215,0.43,5,1,1,1,1,1,0,1,1,0,0,0,1,175,0.764,0.09775,0.382,0.388,229520
3,8,115,0.93,3,1,1,1,1,1,0,1,0,0,0,0,0,24,0.6,0.0975,0.322,0.442,164676
3,34,190,0.91,12,1,1,1,1,1,0,1,1,0,0,0,0,408,1.256,0.2205,0.936,0.456,129213
3,30,261,0.38,5,1,1,1,1,1,1,1,1,0,0,0,0,150,0.934,0.1525,0.432,0.668,175758
3,24,200,0.93,25,1,1,1,1,1,1,1,0,1,1,1,0,600,1.06,0.325,0.842,0.574,95040
3,29,458,0.26,24,1,1,1,1,1,1,1,0,0,1,1,1,696,0.884,0.094,0.426,0.798,120000
3,5,635,0.39,25,1,1,1,1,1,0,1,0,0,1,1,0,125,0.896,0.1675,0.514,0.812,110215
3,42,298,0.96,6,1,1,1,1,1,1,1,1,0,0,0,1,252,0.934,0.16,0.75,0.33842,300449
3,41,482,0.26,4,1,1,1,1,1,1,1,1,0,0,1,1,164,0.3428,0.16,0.722,755.614,207112
3,8,167,0.72,8,1,1,1,1,0,0,1,0,1,0,0,1,64,0.944,0.1975,0.524,0.484,91861
3,37,385,0.81,3,1,1,1,1,1,1,1,1,0,0,0,0,111,0.506,0.375,1.134,1.1058,169454
3,27,385,0.43,1,1,1,1,1,1,0,1,1,0,0,0,0,27,0.81,0.001,0.35,0.2822,205714
3,31,258,0.001,1,1,1,1,1,1,1,1,1,0,0,0,0,31,1.122,0.23025,0.524,0.65,135246
3,36,575,0.85,6,1,1,1,1,1,1,1,1,1,1,1,1,216,0.91,0.2525,0.276,1.112,123096
3,8,79,0.001,7,1,1,1,1,1,1,1,0,1,0,0,0,56,1.074,0.11775,0.566,0.464,136477
3,44,574,0.35,7,1,1,1,1,1,1,1,1,1,0,0,0,308,0.766,0.355,0.84,380.222,164615
3,8,156,1,9,1,1,1,1,0,0,0,0,0,0,0,0,72,1.126,0.3,0.91,0.59,154079
3,35,152,0.52,8,1,1,1,1,1,1,1,1,0,0,0,0,280,1.014,0.335,0.624,1.036,196686
3,24,238,0.93,11,1,1,1,1,1,1,1,1,0,0,0,0,264,1.04,0.16775,0.84,0.458,136222
3,33,547,0.97,11,1,1,1,1,1,1,1,1,0,1,0,0,363,1.214,0.1925,0.554,0.772,104306
3,38,231,0.83,1,1,1,1,1,1,0,1,1,0,0,0,0,38,0.572,0.23,0.674,0.328,268953
3,25,423,1.1,6,1,1,1,1,1,0,1,1,0,0,0,0,150,0.814,0.815,1.52,1.4738,88281
3,23,329,0.85,12,1,1,1,1,1,0,1,1,0,1,1,1,276,1.318,0.05135,1.004,0.214,109927
3,42,525,0.37,6,1,1,1,1,1,1,1,1,1,0,0,0,252,0.794,0.36,0.83,380.22,140115
3,44,1,0.52,10,1,1,1,1,1,0,1,1,0,0,0,0,440,0.922,0.215,0.616,0.664,164853
3,8,284,0.99,10,1,1,1,1,1,0,1,0,0,0,0,0,80,0.564,0.101,0.6,0.264,118076
3,45,625,1,2,1,1,1,1,1,0,1,0,0,0,0,0,90,1.068,0.09725,0.50616,0.3262,181433
2,5,2344,3.5,9,0,1,1,1,0,0,0,0,1,1,1,1,45,12.54,0.6125,1.434,4.56,15580
2,5,3500,3,20,0,1,1,1,0,0,1,0,0,1,0,0,100,10.38,1.6,4.62,3.98,12919
2,4,184,3.3,24,0,1,1,1,0,0,0,0,0,0,0,0,96,10.16,1.425,2.3,3.78,89600
3,36,97,1.3,25,1,1,1,1,1,1,1,1,1,1,0,0,900,2.54,0.6775,0.844,0.676,90583
3,8,48,0.45,10,1,1,1,1,0,0,0,0,0,0,0,1,80,1.028,0.1325,0.478,0.696,131250
3,30,310,0.86,22,1,1,1,1,1,1,1,0,1,1,1,1,660,1.188,0.373,0.574,0.48,108771
3,20,64,2.3,20,1,1,1,1,1,1,1,1,1,1,0,0,400,2.26,0.143,1.032,1.376,78947
3,7,79,2,13,1,1,1,1,1,1,1,1,0,0,0,0,91,1.54,0.6375,1.14,2.02,162455
3,8,169,2.9,16,1,1,1,1,1,0,1,1,0,0,0,0,128,2.12,0.56,1.074,0.506,86889
3,8,169,2,15,1,1,1,1,1,1,1,1,0,0,0,0,120,1.4,0.28,0.1424,1.08,93745
3,8,79,1.9,14,1,1,1,1,1,1,1,1,0,0,0,0,112,1.56,0.55225,0.606,5.952,88290
3,23,266,1.4,5,1,1,1,1,1,1,1,1,0,0,0,1,115,2.14,0.4775,0.8,1.38,120148
3,11,220,1.6,36,1,1,1,1,1,0,1,1,0,0,0,0,396,1.42,0.1615,0.45,1.704,54781
3,28,344,0.38,6,1,1,1,1,1,0,1,1,0,0,0,1,168,1.278,0.06275,0.446,1.752,161476
3,31,1227,1.9,4,1,1,1,1,1,0,1,1,0,0,0,1,124,1.28,0.097,0.434,0.27,108772
3,9,603,1.6,17,1,1,1,1,1,0,1,1,0,0,0,0,153,2.18,0.315,0.812,1.174,81333
3,9,281,1.9,16,1,1,1,1,1,0,1,1,0,0,0,0,144,2.04,0.28,0.764,1.38,75000
3,9,300,2.1,15,1,1,1,1,1,0,1,0,0,0,0,0,135,1.94,0.2275,0.908,1.146,53801
3,5,40,0.78,22,0,1,1,1,1,1,1,0,0,0,0,0,110,1.7,0.17975,0.772,1.876,84302
3,40,361,0.82,3,1,1,1,1,1,1,1,1,1,0,0,0,120,1.24,0.0945,0.548,1.108,157179
3,12,22,0.64,14,1,1,1,1,1,0,1,0,0,0,0,0,168,1.592,0.17425,0.64,1.752,111336
3,37,910,0.92,5,1,1,1,1,1,1,1,1,0,0,0,0,185,0.56,0.065,0.54,1.5,165554
3,27,300,0.78,5,1,1,1,1,1,1,1,1,1,1,0,0,135,1.622,0.146,0.572,1.4528,161031
3,41,580,1.2,10,1,1,1,1,1,1,1,1,1,0,0,1,410,1.346,0.1805,0.77,1.8,137308
3,38,180,1,11,1,1,1,1,1,1,1,0,1,0,1,0,418,1.678,0.2065,0.672,1.478,97317
3,8,70,1.9,13,1,1,1,1,1,1,1,1,0,0,0,1,104,1.48,0.55275,0.5922,5.904,93921
3,9,77,1.9,14,1,1,1,1,1,0,1,1,0,0,0,0,126,1.56,0.549,0.5934,5.908,86209
3,28,245,0.32,13,1,1,1,1,1,1,1,0,1,0,0,0,364,1.252,0.1345,0.456,1.768,108319
3,23,180,1.6,3,1,1,1,1,1,1,1,1,1,1,1,0,69,1.84,0.0405,0.474,1.356,126437
3,20,302,1.9,13,1,1,1,1,1,1,1,1,1,1,1,0,260,2.16,0.2475,0.838,1.7,94095
3,8,14,2.9,16,1,1,1,1,1,1,1,1,0,0,0,1,128,2.68,0.84,1.22,1.306,131749
3,8,35,2.7,14,1,1,1,1,1,0,1,0,0,0,0,0,112,2.08,0.5425,0.94,1.742,86170
3,7,22,2,10,1,1,1,1,1,1,1,1,1,0,0,0,70,1.56,0.678,0.684,6.032,170221
3,8,14,2.9,12,1,1,1,1,1,0,1,1,0,0,0,1,96,2.66,0.79,1.152,1.254,117647
3,8,111,2,21,1,1,1,1,1,1,1,0,0,0,0,1,168,1.66,0.5525,0.6214,1.444,79517
3,8,294,2,14,1,1,1,1,1,1,1,1,0,0,0,1,112,2.3,0.3925,1.058,1.4,81818
3,50,468,0.51,3,1,1,1,1,1,1,1,0,1,1,1,1,150,0.744,0.2,0.506,1.6,235385
3,38,192,0.78,6,1,1,1,1,1,0,1,0,0,0,0,1,228,1.066,0.1325,0.57,1.154,260756
3,45,493,0.62,11,1,1,1,1,1,1,1,1,1,0,0,0,495,1.52,0.2,0.586,1.578,138462
3,12,49,0.77,5,1,1,1,1,1,1,1,1,0,0,0,1,60,1.66,0.16275,0.78,1.9,158024
3,12,54,1.1,18,1,1,1,1,1,1,1,0,1,0,0,1,216,1.5,0.2175,0.312,0.99,69445
3,28,148,2.7,7,1,1,1,1,1,1,1,1,1,1,1,1,196,2.1,0.3575,0.908,1.148,144860
3,31,531,1.7,7,1,1,1,1,1,1,1,1,0,0,0,1,217,2.02,0.07975,0.67,1.54,121148
3,17,675,1.9,11,1,1,1,1,1,0,1,0,0,0,0,0,187,1.54,0.22,0.6,1.512,85937
3,41,196,1.9,9,1,1,1,1,1,1,1,1,1,1,1,1,369,2.26,0.3275,0.882,1.8,313782
3,35,242,0.92,13,1,1,1,1,1,1,1,1,1,1,1,1,455,1.398,0.09875,0.656,1.68,145432
2,8,832,4.2,6,1,1,1,1,1,0,1,1,0,0,0,0,48,5.78,0.7925,1.26,10.72,75983
2,7,1600,3.9,12,1,1,1,1,1,0,1,1,0,0,0,0,84,5.54,0.51,0.956,10.52,51806
2,9,1296,4.5,22,1,1,1,1,1,0,0,0,0,1,1,1,198,3.84,1.375,2.12,17.26,73684
2,8,296,2.4,7,1,1,1,1,1,0,1,1,0,1,0,1,56,8.48,1.625,2.76,13.22,48040
2,9,298,5.3,21,1,1,1,1,0,0,0,0,0,1,0,1,189,6.22,0.8425,1.9,10.14,17212
2,32,1387,0.78,7,1,1,1,1,1,0,1,1,1,0,0,1,224,2.6,0.67,1.492,1.628,73739
2,9,872,2.4,14,1,1,1,1,1,0,1,1,0,1,1,0,126,1.86,0.53,1.12,16.02,62759
2,25,1613,0.63,4,1,1,1,1,1,1,1,1,0,0,0,0,100,6.02,0.12075,0.998,11.994,96154
2,8,1482,2.8,7,1,1,1,1,1,0,1,1,1,0,0,0,56,3.92,0.3,0.938,2.04,73077
2,23,987,2.4,13,1,1,1,1,1,1,1,1,1,1,1,1,299,1.88,0.55,1.128,16.02,68525
2,18,956,2.7,6,1,1,1,1,1,0,1,1,1,1,0,0,108,2.14,0.725,1.292,16.26,77778
2,8,192,3.9,22,1,1,1,1,0,0,0,0,0,0,0,0,176,5.64,0.5925,1.044,10.52,26793
2,9,435,1.5,22,1,1,1,1,0,0,1,0,0,1,0,1,198,5.9,0.8125,1.42,12.86,23438
2,9,300,2.6,22,1,1,1,1,1,1,1,0,1,1,0,0,198,4.28,0.36575,0.8448,2.032,31000
2,8,446,2.9,11,1,1,1,1,1,0,1,1,0,0,0,0,88,6.2,0.555,0.886,9.92,41539
2,9,474,4.6,22,1,1,1,1,1,0,0,0,0,1,0,1,198,4.52,1.475,2.1,3.76,15738
2,7,360,1.7,6,1,1,1,1,1,0,1,1,0,0,0,1,42,4.36,0.785,1.124,1.98,82735
2,8,77,2.1,9,0,1,1,1,0,0,0,0,1,0,0,1,72,4.86,0.4675,0.478,2.84,81034
2,17,124,3.3,28,1,1,1,1,0,0,1,0,0,1,0,0,476,5.86,0.4575,1.142,10.08,36170
2,14,702,2.5,25,1,1,1,1,1,0,1,0,0,1,0,0,350,4.64,0.465,0.684,2.74,38567
2,8,1152,0.76,10,1,1,1,1,1,0,1,1,1,0,0,0,80,6.74,0.9775,1.398,12.18,60000
2,20,393,1.2,6,1,1,1,1,1,1,1,1,0,0,0,1,120,2.526,0.2775,1.68,1.284,78571
2,32,773,2.2,7,1,1,1,1,1,1,1,1,0,0,0,0,224,1.71,0.39,1.098,15.9,88334
2,27,676,1.1,6,1,1,1,1,1,1,1,1,0,1,1,0,162,2.438,0.20025,1.62,1.196,95643
1,25,996,3.1,4,1,1,1,1,1,1,1,1,1,1,0,0,100,9.62,0.7425,2.054,3.2,72583
3,30,1219,1.1,2,1,1,1,1,1,1,1,1,0,0,0,0,60,1.38,0.3176,0.494,0.474,106669
3,8,710,1.2,5,1,1,1,1,1,0,1,1,0,0,0,1,40,3.614,0.3275,0.8884,1.0528,76786
3,8,274,0.84,8,1,1,1,1,1,0,1,0,0,0,0,0,64,3.819,0.475,0.624,0.988,84962
3,28,627,0.8,5,1,1,1,1,1,0,1,1,0,0,0,0,140,3.0716,0.4775,0.624,1.004,104529
3,17,672,0.56,10,1,1,1,1,1,0,0,0,0,1,1,0,170,3.842,0.2155,0.558,1.044,67325
3,29,930,1,12,1,1,1,1,1,1,1,1,1,1,1,0,348,4.1,0.615,1.064,1.242,57941
3,23,396,1.7,5,1,1,1,1,1,1,1,1,1,1,0,1,115,3.66,0.37,0.712,1.124,87485
3,35,853,0.001,2,1,1,1,1,1,1,1,1,1,0,0,1,70,3.24,0.3775,0.708,1.44,120000
3,21,190,1,3,1,1,1,1,1,0,1,1,0,0,0,0,63,4.37,0.31475,1.254,2.5,90833
3,8,198,0.8,14,1,1,1,1,1,0,0,0,0,1,0,0,112,3.38,0.21,0.558,1.736,40816
3,39,906,1.4,6,1,1,1,1,1,1,1,1,1,1,1,1,234,3.36,0.5125,0.438,2.096,105094
3,27,409,0.001,6,1,1,1,1,1,0,1,1,1,0,0,1,162,3.062,0.4625,0.61,0.926,121861
3,20,194,1,8,1,1,1,1,1,1,1,0,1,0,0,0,160,2.458,0.285025,0.67,0.71,78849
3,34,566,1.2,7,1,1,1,1,1,1,1,1,1,0,0,0,238,3.664,0.517525,0.672,0.938,100514
3,29,829,1,8,1,1,1,1,1,0,1,1,0,1,0,0,232,3.634,0.450025,0.514,0.91,81324
3,23,268,0.001,8,1,1,1,1,1,0,1,1,0,0,0,0,184,1.072,0.7125,0.2142,0.878,113238
2,8,154,1.2,9,1,1,1,1,0,0,1,0,0,0,0,1,72,3.74,0.1425,0.312,0.694,54353
2,5,300,0.62,14,0,1,1,1,0,0,0,0,0,0,0,0,70,4.06,0.595,0.9006,0.89,39516
2,7,176,2.2,25,1,1,1,1,1,0,0,0,1,1,0,0,175,3.46,1.3025,1.6,3.76,23187
2,8,374,0.004,8,1,1,1,1,0,0,0,0,0,0,0,1,64,3.32,0.142,1.126,0.6056,43388
2,7,526,0.79,12,1,1,1,1,0,0,1,0,0,0,1,0,84,4.48,0.7925,1.212,1.288,26316
2,5,20,4,12,1,1,1,1,0,0,0,0,0,0,0,0,60,3.3,0.8705,1.62,3.02,52063
2,8,133,2.8,13,1,1,1,1,1,0,1,0,0,0,0,0,104,3.12,0.8,0.5618,1.81,38424
2,8,60,2,22,1,1,1,1,1,0,0,0,1,0,0,0,176,7.26,33.75,2.18,3.28,70974
2,6,899,2.3,9,1,1,1,1,1,0,1,1,0,0,0,0,54,5.84,0.5675,0.962,2.52,54234
2,8,253,0.71,11,1,1,1,1,0,0,1,0,0,0,0,1,88,3.126,0.1675,1.082,1.462,56533
2,8,229,1.2,5,1,1,1,1,1,0,1,1,0,0,0,0,40,4.5,0.6975,0.898,0.952,62042
2,8,1500,4,25,1,1,1,1,0,0,0,0,0,0,0,0,200,3.24,0.74,0.838,2.32,18036
2,8,3445,1.4,11,1,1,1,1,1,0,1,1,1,1,0,0,88,4.38,0.483,0.682,0.912,50297
2,18,1020,4,9,1,1,1,1,1,1,1,1,0,0,0,0,162,3.12,0.2975,1.016,0.9216,65284
2,13,176,1.4,27,1,1,1,1,1,0,0,0,0,1,1,1,351,5.6,0.5135,1.36,1.72,15805
2,19,541,1.7,7,1,1,1,1,1,1,1,1,0,1,0,1,133,4.88,1.0525,1.28,1.36,54559
2,8,174,1.4,27,1,1,1,1,1,0,1,1,0,0,0,1,216,4.68,0.9625,1.14,1.478,51585
2,8,823,2.1,4,1,1,1,1,1,0,1,1,0,0,0,0,32,2.46,0.37,0.4818,1.342,103738
3,8,75,0.75,23,1,1,1,1,1,0,1,0,0,0,0,0,184,1.272,0.26,0.832,0.77,86957
3,25,514,0.68,6,1,1,1,1,1,1,1,1,1,1,0,1,150,0.616,0.185,0.506,0.2474,130937
3,9,60,0.54,23,1,1,1,1,1,0,1,0,0,0,0,0,207,2.4,0.04975,0.512,0.56,104348
3,9,77,0.48,14,1,1,1,1,1,1,1,1,1,1,1,1,126,2.212,0.16,0.784,0.4118,109859
3,8,56,0.64,23,0,1,1,1,1,1,1,0,0,0,0,0,184,2.06,0.19825,0.836,0.4058,84211
3,12,226,1.5,10,1,1,1,1,1,0,1,1,0,1,0,0,120,1.732,0.30925,0.832,0.934,116727
3,21,98,1,26,1,1,1,1,1,0,1,0,0,1,0,1,546,1.976,0.2925,0.696,0.2284,93059
3,28,153,0.84,7,1,1,1,1,1,1,1,1,1,0,0,1,196,1.858,0.18275,0.574,0.5184,212594
3,8,102,0.21,4,1,1,1,1,1,0,1,1,0,0,0,1,32,2.64,0.285,1.16,0.5512,140792
3,8,93,0.94,5,1,1,1,1,1,0,1,1,0,0,0,0,40,2.32,0.20725,1.02,0.667,113405
3,50,783,0.71,2,1,1,1,1,1,0,1,0,0,0,0,0,100,0.398,0.021,0.676,0.1004,262059
3,8,79,1.3,4,1,1,1,1,1,1,1,1,0,0,0,0,32,2.404,0.56475,1.222,8.3202,267524
3,7,79,1.4,14,1,1,1,1,1,1,0,0,1,0,0,0,98,1.832,0.6175,1.062,1.16,105882
3,8,42,1.6,12,1,1,1,1,1,1,1,0,0,0,0,0,96,2.24,0.4475,0.912,1.218,79143
3,24,108,1.2,12,1,1,1,1,1,1,1,1,0,0,0,1,288,1.68,0.089,0.816,378.0566,141045
3,8,71,0.9,5,1,1,1,1,1,0,1,1,0,0,0,1,40,1.438,0.4325,0.882,0.8702,128452
3,7,48,1.2,11,1,1,1,1,1,0,1,1,1,0,0,0,77,1.794,0.7115,0.782,0.4024,168350
3,8,99,1.3,7,1,1,1,1,1,0,1,0,0,0,0,0,56,1.772,0.0505,1.004,0.5866,178000
3,28,467,2,7,1,1,1,1,1,0,1,1,1,0,0,1,196,0.84,0.14,0.596,1.12,110000
3,17,376,1.3,6,1,1,1,1,1,0,1,1,0,0,0,1,102,2.12,0.26,0.572,0.3526,129143
3,34,219,0.36,4,1,1,1,1,1,0,1,1,0,0,0,1,136,1.14,0.065,0.97,0.508,182015
3,30,139,1.1,2,1,0,1,1,1,1,1,1,1,0,0,1,60,1.58,0.1115,0.656,1.0596,167296
3,26,198,1.3,22,1,1,1,1,1,0,1,0,1,0,0,1,572,2.076,0.4475,0.866,8.0144,150431
3,8,79,0.53,11,1,1,1,1,1,0,1,1,0,0,0,0,88,1.92,1.1,1.048,1.34,87692
3,8,69,0.76,10,1,1,1,1,0,0,1,0,0,1,0,0,80,1.58,0.6375,0.6138,1.152,82090
3,8,98,0.15,7,1,1,1,1,1,0,1,1,0,0,0,0,56,2.58,0.186,1.22,1.8952,120588
3,8,228,0.41,11,1,1,1,1,1,0,1,0,0,0,0,1,88,1.812,0.9425,0.918,1.24,88571
3,38,84,1.1,29,1,1,1,1,1,0,1,0,0,1,0,0,1102,1.838,0.17325,0.868,0.4284,89583
3,30,194,1.2,23,1,1,1,1,1,0,1,0,1,0,0,0,690,2.14,0.1975,0.792,0.78,68335
3,8,79,1.1,11,1,1,1,1,1,0,1,0,0,0,0,0,88,2.44,0.2201,1.13,3.6762,91667
3,31,485,1.7,8,1,1,1,1,1,0,1,1,1,1,0,1,248,1.1,0.0905,0.686,15.48,107353
3,8,135,0.77,6,1,1,1,1,1,0,1,1,0,0,0,0,48,3.06,0.6075,0.834,4.206,174933
3,35,443,0.69,6,1,1,1,1,1,0,1,1,0,0,0,1,210,1.15,0.0385,0.814,0.26,239299
3,34,196,0.88,10,1,1,1,1,1,1,1,1,0,0,0,0,340,1.268,0.00725,0.256,0.0888,206049
3,28,138,1.7,25,1,1,1,1,1,1,1,1,1,0,0,0,700,2.2,0.21675,0.516,2.54,65534
3,8,78,0.64,12,1,1,1,1,1,0,1,0,0,0,0,1,96,0.968,0.1395,0.684,0.2778,100171
3,9,69,1.6,13,1,1,1,1,1,0,1,1,1,0,0,0,117,1.84,0.30025,0.738,1.2262,70753
3,37,139,1.1,13,1,1,1,1,1,0,1,0,0,0,0,0,481,1.444,0.1105,0.582,0.474,168012
3,8,71,0.15,14,1,1,1,1,1,0,1,1,1,0,0,0,112,2.74,0.14,0.4908,0.457,101852
3,32,481,0.23,14,1,1,1,1,1,1,1,1,1,1,0,1,448,0.932,0.1226,0.504,0.9354,106897
3,32,288,0.057,5,1,1,1,1,1,1,1,0,0,0,0,1,160,2.366,0.34,0.958,0.4856,192487
3,36,197,0.99,5,1,1,1,1,1,0,1,1,0,0,0,1,180,2.184,0.06325,0.508,0.3536,246591
3,30,73,0.87,14,1,1,1,1,1,1,1,0,1,0,0,0,420,2.28,0.0635,0.648,0.1546,160655
3,8,24,0.81,13,1,1,1,1,1,0,1,1,0,0,0,1,104,1.23,0.555,0.538,1.042,95957
3,7,310,2,3,1,1,1,1,1,0,1,1,0,0,0,1,21,2.046,0.64525,1.004,1.5942,136238
3,8,124,0.24,10,1,1,1,1,1,0,1,1,0,0,0,1,80,1.684,0.7625,0.8,0.978,109677
3,40,455,1,5,1,1,1,1,1,1,1,1,1,1,1,1,200,0.952,0.09175,0.936,0.3458,205698
3,39,478,0.78,2,1,1,1,1,1,0,1,1,1,0,0,1,78,1.154,0.08425,1.054,0.532,209667
3,24,447,0.51,9,1,1,1,1,1,1,1,1,1,0,0,1,216,2.46,0.11175,1.03,0.2226,187179
3,12,354,0.89,28,1,1,1,1,0,0,0,1,0,1,1,0,336,2.78,1.09,1.34,1.52,67559
3,28,208,1.2,6,1,1,1,1,1,1,1,1,0,0,0,1,168,1.602,0.17,0.504,0.6702,223860
3,8,140,0.92,6,1,1,1,1,1,1,1,1,0,0,0,1,48,1.03,0.09475,1.3,0.3734,140000
3,8,66,1.4,11,1,1,1,1,1,0,0,1,1,0,0,0,88,2.64,0.55725,1.172,4.06,68883
3,8,101,0.95,6,1,1,1,1,1,0,1,1,0,0,0,0,48,2.32,0.0575,0.626,0.2656,143333
3,27,272,0.98,9,1,1,1,1,1,1,1,0,1,1,0,1,243,1.288,0.2925,0.912,0.8102,134000
3,8,79,1.4,9,1,1,1,1,1,0,1,1,1,0,0,0,72,1.874,0.06025,0.406,2.016,111287
3,34,59,0.5,10,1,1,1,1,1,1,1,1,1,0,0,0,340,2.196,0.17725,0.904,0.3164,177966
3,30,45,1.3,13,1,1,1,1,1,1,1,1,1,0,0,1,390,1.58,0.0365,0.906,0.4206,155263
3,8,79,1.5,9,1,1,1,1,1,1,1,0,0,0,0,0,72,1.91,0.044,0.46,2.046,109178
3,26,540,0.41,10,1,1,1,1,1,1,1,1,1,0,0,1,260,1.316,0.3725,0.446,0.702,116272
3,8,78,0.57,10,1,1,1,1,1,0,1,0,0,0,0,0,80,1.384,0.405,0.5,0.976,117857
3,8,183,1.2,3,1,1,1,1,1,1,1,1,1,0,1,0,24,0.658,0.029,0.42,0.0688,183841
3,9,159,0.99,14,1,1,1,1,1,1,1,0,0,0,0,1,126,1.088,0.29,0.524,0.0846,125000
3,22,179,0.8,3,1,1,1,1,1,1,1,1,1,1,1,1,66,1.5,0.014,0.51,0.125,177470
3,9,148,0.72,3,1,1,1,1,1,0,1,1,0,0,1,0,27,1,0.0695,0.56,0.226,343979
3,8,168,1.2,6,1,1,1,1,1,1,1,1,0,0,0,1,48,1.55,0.12075,0.754,0.4712,185688
3,8,90,0.97,4,1,1,1,1,1,0,1,0,0,0,0,0,32,1.56,0.245,0.62,0.464,146667
3,8,117,1.1,5,1,1,1,1,1,0,1,1,0,0,0,0,40,1.346,0.2275,0.932,0.3586,160000
3,8,180,1.4,27,1,1,1,1,1,1,1,0,1,0,0,1,216,2.36,0.215,0.672,0.2586,56818
3,21,1,0.55,10,1,1,1,1,1,0,1,1,0,0,0,0,210,2.46,0.08625,1.024,0.2086,119444
3,28,288,0.34,1,1,1,1,1,1,1,1,1,0,0,0,0,28,1.1,0.2165,0.482,0.7774,207975
3,33,504,1.2,11,1,1,1,1,1,0,1,1,1,1,1,0,363,1.598,0.0875,0.456,0.6762,176471
3,27,273,1,8,1,1,1,1,1,0,1,1,1,0,0,0,216,0.61,0.07175,0.17,0.122,170115
3,24,572,0.62,10,1,1,1,1,1,1,1,1,1,1,1,0,240,2.58,0.1925,1.27,0.5472,137684
3,28,303,0.78,12,1,1,1,1,1,0,1,1,0,0,0,1,336,1.2384,0.085,0.37,0.2,134615
3,9,121,0.94,15,1,1,1,1,1,0,1,0,0,0,0,0,135,1.752,0.795,0.782,1.34,78000
3,27,484,1.8,5,1,1,1,1,1,0,1,0,0,0,0,0,135,1.19,0.1765,0.66,15.536,158333
3,36,446,1.3,7,1,1,1,1,1,0,1,1,0,0,0,1,252,2.146,0.16,0.46,0.4436,252119
3,8,50,0.52,6,1,1,1,1,1,0,1,0,0,0,0,0,48,1.336,0.1175,0.564,7.2154,151163
3,39,161,1,7,1,1,1,1,1,0,1,1,1,0,1,1,273,1.56,0.05075,0.73,4.636,184207
3,8,99,1.3,6,1,1,1,1,1,0,1,1,0,0,0,0,48,1.738,0.27,0.974,0.7148,126154
3,21,192,0.94,2,1,1,1,1,1,0,1,0,0,1,0,0,42,1.506,0.14875,0.9,0.5506,184332
3,7,168,1.5,7,1,1,1,1,1,1,1,1,1,1,1,1,49,2.06,0.11325,0.68,0.858,124000
3,7,87,0.97,6,1,1,1,1,1,0,1,0,0,0,0,0,42,2.16,0.3375,0.936,0.5038,139706
3,34,460,1.4,10,1,1,1,1,1,1,1,1,0,0,0,1,340,1.578,0.11575,0.518,0.688,210073
3,50,816,0.76,6,1,1,1,1,1,1,1,0,1,0,0,1,300,1.206,0.205,0.754,0.7902,151923
3,26,170,0.52,13,1,1,1,1,1,0,1,1,1,0,0,1,338,1.284,0.15325,1.08,0.646,105882
3,36,453,0.093,9,1,1,1,1,1,1,1,1,1,1,1,1,324,0.828,0.07675,0.558,6.2876,107646
3,30,285,1.3,13,1,1,1,1,1,1,1,1,0,0,0,0,390,2.02,0.067,0.742,0.8062,101213
3,33,88,0.6,1,1,1,1,1,1,1,1,1,0,0,0,1,33,1.66,0.0425,0.482,0.088,326476
3,33,300,1,38,1,1,1,1,1,1,1,1,0,0,1,0,1254,2.36,0.10835,0.998,3.6102,77967
3,8,96,1.7,6,1,1,1,1,1,1,1,1,0,0,0,1,48,2.16,0.32,0.64,2.342,118367
3,8,63,0.65,14,1,1,1,1,1,0,1,1,1,0,0,0,112,2.168,0.11825,0.878,0.73,116667
3,8,96,1.3,6,1,1,1,1,1,1,1,1,0,0,0,0,48,1.654,0.21,0.864,0.647,178571
3,8,55,0.59,10,1,1,1,1,1,0,1,1,0,0,0,0,80,2.07,0.18,0.854,0.4358,120238
3,23,135,1.2,9,1,1,1,1,1,1,1,0,0,0,0,1,207,2.22,0.10025,0.62,0.2666,133841
3,8,79,0.34,11,1,1,1,1,1,0,1,0,1,0,0,0,88,2.62,0.45725,1.146,0.6736,115331
3,7,54,1.1,13,1,1,1,1,1,1,1,0,0,0,0,0,91,1.99,0.3195,0.8084,0.3084,135455
3,8,72,1.6,14,1,1,1,1,1,0,1,0,0,0,0,0,112,1.958,1.25,1.2,2.484,125000
3,28,504,1.9,4,1,1,1,1,1,1,1,1,0,0,0,0,112,0.682,0.18425,1.064,0.92,120667
3,39,711,1.8,4,1,1,1,1,1,0,1,1,0,1,1,1,156,1.674,0.68725,1.382,15.552,124577
3,29,1232,2,6,1,1,1,1,1,0,1,1,1,1,0,1,174,1.532,0.2,0.99,15.74,106452
3,24,196,1,7,1,1,1,1,1,1,1,0,1,0,0,0,168,1.256,0.17475,0.9,0.7682,110169
3,7,23,1.1,14,1,1,1,1,1,1,1,1,1,0,0,0,98,2.1,0.20975,0.786,0.736,108108
3,9,590,0.84,9,1,1,1,1,1,1,1,1,1,0,0,1,81,2.56,0.08825,0.992,0.1906,114879
3,28,265,0.62,5,1,1,1,1,1,0,1,1,1,0,0,1,140,1.244,0.029,0.68,0.24,240741
3,8,88,0.64,6,1,1,1,1,1,0,1,1,0,0,0,0,48,2.18,0.11475,0.95,0.77,162920
3,26,52,0.52,14,1,1,1,1,1,0,1,0,0,0,0,0,364,2.16,0.13,0.964,0.416,150000
3,28,263,0.44,3,1,1,1,1,1,1,1,1,0,0,0,0,84,1.296,0.3,0.42,0.478,190442
3,36,151,0.83,12,1,1,1,1,1,1,1,1,1,0,0,0,432,1.904,0.15725,0.688,0.1884,175287
3,27,79,0.23,12,1,1,1,1,1,0,1,0,0,1,0,1,324,1.04,0.04075,0.4554,0.7714,103226
3,8,120,2.1,11,1,1,1,1,1,1,1,0,0,0,0,1,88,3.44,1.975,1.326,1.94,85366
3,27,78,0.48,12,1,1,1,1,1,1,1,0,0,0,0,1,324,1.256,0.12325,1.052,0.608,104000
3,8,26,0.76,14,1,1,1,1,1,0,1,1,0,0,0,1,112,1.102,0.635,0.579,1.3,85039
3,32,212,0.64,10,1,1,1,1,1,1,1,1,0,1,1,1,320,0.656,0.015,0.768,0.26,136207
3,7,77,0.27,11,1,1,1,1,1,1,1,1,0,0,0,0,77,2.59,0.39725,1.13,0.5576,116490
3,33,138,0.17,6,1,1,1,1,1,0,1,1,0,1,0,1,198,0.94,0.0616,0.4666,0.9054,173077
3,27,375,0.73,5,1,1,1,1,1,1,1,1,0,0,0,0,135,1.238,0.23,0.734,14.968,189950
3,8,343,2.1,12,1,1,1,1,1,1,1,0,1,0,0,0,96,1.226,0.37675,0.684,15.672,98605
3,17,530,1,11,1,1,1,1,1,1,1,0,0,0,1,1,187,0.946,0.09175,0.936,0.3418,105065
3,32,178,0.43,4,1,1,1,1,1,1,1,1,1,0,0,1,128,2.082,0.1255,0.848,0.2724,314139
3,8,73,0.62,8,1,1,1,1,1,0,1,0,0,0,0,0,64,2.6,0.1405,0.796,0.1886,141763
3,8,137,1.6,4,1,1,1,1,1,0,1,1,0,0,0,0,32,1.52,0.071,0.72,1.372,84727
3,30,259,0.81,7,1,1,1,1,1,1,1,1,0,1,0,1,210,2.22,0.1526,0.966,3.6022,139785
3,8,51,0.89,15,1,1,1,1,1,1,1,0,0,0,0,0,120,1.208,0.4,0.568,0.956,100134
3,8,88,1.2,7,1,1,1,1,1,1,1,1,0,0,0,1,56,1.9,0.275,0.804,0.914,153360
3,8,85,0.5,6,1,1,1,1,1,1,1,1,0,0,0,1,48,2.168,0.16,0.842,0.4138,185714
3,8,137,0.32,7,1,1,1,1,1,0,1,1,0,0,0,1,56,2.44,0.15625,0.89,0.4118,180851
3,7,64,0.44,9,1,1,1,1,1,0,1,1,0,0,0,1,63,2.7,0.4775,0.982,3.5862,117787
3,7,35,0.61,10,1,1,1,1,1,0,1,0,0,0,0,0,70,2.56,0.22225,0.552,10.2358,132203
3,22,280,1.7,11,1,1,1,1,1,1,1,1,1,0,0,0,242,1.526,0.55475,1.196,15.428,88428
3,8,74,0.96,7,1,1,1,1,1,1,1,0,0,0,0,0,56,1.48,0.1555,0.546,1.0876,143150
3,7,12,0.2,9,1,1,1,1,1,0,1,1,0,0,0,0,63,2.84,0.385,1.4,0.7112,123810
3,31,460,0.93,6,1,1,1,1,1,1,1,1,0,0,0,1,186,1.224,0.25225,0.874,0.8082,129143
3,8,56,0.82,15,1,1,1,1,1,1,1,0,0,0,0,0,120,1.208,0.4,0.594,0.916,90399
3,22,220,0.45,10,1,1,1,1,1,1,1,1,1,0,0,0,220,0.664,0.1275,0.234,1.3608,147287
3,8,134,1.1,10,1,1,1,1,1,1,1,1,0,0,0,0,80,1.206,0.22475,0.946,0.8522,75808
3,5,18,1.7,7,1,1,1,1,1,0,1,1,0,0,0,1,35,1.52,0.7725,1.26,6.46,108255
3,10,841,3.1,21,1,1,1,1,1,1,1,1,1,1,1,1,210,2.12,0.3675,0.546,2.22,82532
3,22,710,3.2,10,1,1,1,1,1,0,1,1,0,0,0,0,220,2.06,0.3765,0.5034,2.24,62105
3,8,93,2.6,3,1,1,1,1,1,0,0,1,0,0,0,1,24,2.04,0.4625,0.916,1.2806,123066
3,9,79,2.4,12,1,1,1,1,1,0,1,0,0,0,0,0,108,2.06,0.985,1.024,1.92,88235
3,9,431,2.9,10,1,1,1,1,1,1,1,1,1,1,0,0,90,1.24,0.16,0.576,1.5012,79730
3,8,345,1.6,5,1,1,1,1,1,0,1,1,0,0,0,0,40,1.296,0.438,0.842,6.26,134073
3,8,396,5.3,6,1,1,1,1,1,0,1,1,0,0,0,1,48,3.56,1.2,1.56,2.86,92681
3,18,76,3,27,1,1,1,1,1,0,1,1,0,1,1,1,486,2.26,0.705,1.16,2.12,104430
3,22,423,3.9,11,1,1,1,1,1,0,1,1,0,0,0,0,242,2.206,0.6325,0.978,2.52,64666
3,36,2405,4.4,7,1,1,1,1,1,1,1,1,1,1,1,0,252,3.64,0.4925,1.576,3.62,96970
3,9,603,3.5,12,1,1,1,1,1,1,1,1,1,1,0,0,108,2.52,0.194,1.118,2.3,83370
3,9,190,3.2,16,1,1,1,1,1,0,1,0,0,0,0,1,144,2.06,0.205,0.463,2.24,216981
3,29,1296,5.1,12,1,1,1,1,1,1,1,1,1,1,1,1,348,3.72,0.645,1.84,2.622,78309
3,9,231,1.6,16,1,1,1,1,1,0,1,0,1,0,0,0,144,1.268,0.41075,0.818,6.26,95426
3,9,53,3.3,14,1,1,1,1,1,0,1,0,0,1,0,0,126,2.174,2.355,1.126,1.7606,82353
3,32,267,3.4,22,1,1,1,1,1,1,1,1,1,1,1,1,704,2.014,1.79725,1.16,1.7606,68220
3,29,764,4.1,21,1,1,1,1,1,1,1,0,1,0,0,0,609,2.36,0.52,1.124,2.6,43925
3,32,108,9,21,1,1,1,1,1,0,1,0,0,0,0,0,672,3.46,0.405,1.132,2.52,76906
3,9,180,1.8,23,1,1,1,1,1,0,1,1,0,0,0,0,207,1.54,1.1425,1.252,6.36,42306
3,8,308,2.5,13,1,1,1,1,1,1,1,1,0,0,0,0,104,1.874,0.9425,0.956,1.88,70000
3,8,179,2.3,25,1,1,1,1,1,0,1,1,0,0,1,1,200,2.14,0.4275,0.948,1.432,62696
3,27,621,3.3,9,1,1,1,1,1,1,1,1,0,0,0,0,243,2.1,0.3725,1.122,1.6006,80055
3,47,871,3.1,4,1,1,1,1,1,1,1,1,1,1,1,0,188,1.93,0.3525,1.026,1.5206,93117
3,8,50,2.4,22,1,1,1,1,1,1,1,1,0,0,0,0,176,2.02,0.98,0.978,1.92,70770
3,37,294,3.7,7,1,1,1,1,1,0,1,1,0,0,0,0,259,2.58,0.2365,1.176,2.38,122795
3,31,185,2.6,9,1,1,1,1,1,1,1,1,0,1,0,1,279,2.02,0.465,0.894,1.3206,113455
3,8,34,2.4,13,1,1,1,1,1,1,1,1,0,0,0,0,104,1.794,0.9475,0.806,1.92,85046
3,7,176,2.9,12,1,1,1,1,1,0,1,1,0,0,0,0,84,2.06,0.575,0.902,1.636,105326
3,20,211,3.5,12,1,1,1,1,1,1,1,1,1,0,0,1,240,2.36,0.09725,1.084,2.28,88594
3,19,277,1,11,1,1,1,1,1,1,1,1,0,0,0,0,209,4.28,0.28775,1.188,5.4,81765
3,33,1685,3.8,6,1,1,1,1,1,0,1,1,0,0,0,0,198,0.62,0.24,0.72,0.003,83746
3,30,1088,1,3,1,1,1,1,1,0,1,1,0,0,0,0,90,4.04,0.26775,1.182,5.32,115357
3,7,22,2.5,22,1,1,1,1,1,0,1,0,0,0,0,0,154,1.94,0.635,0.772,1.37,66031
